EstaciÛn;Porc_datos;Celda_XY;Cont_celda;Nom_Est;Depto;Mpio;AH;ZSZH;x;y
11010010;78;(3-4);5;VUELTALA;ChocÛ;CÈrtegui;Caribe;DariÈnRÌoAnd·gueda;4607247;2162360
11020010;100;(4-5);12;CARMENDEATRATO;ChocÛ;ElCarmen;Caribe;DariÈnAltoAtrato;4652177;2211863
11020020;42;(3-4);5;GUADUAS;ChocÛ;ElCarmen;Caribe;DariÈnAltoAtrato;4647517;2196190
11020050;95;(3-4);5;PINONEL;ChocÛ;ElCarmen;Caribe;DariÈnAltoAtrato;4640026;2195236
11025010;91;(4-5);12;MANSALA;Antioquia;CiudadBolivar;Caribe;DariÈnAltoAtrato;4658557;2208483
11030010;94;(3-3);7;CERTEGUI;ChocÛ;CÈrtegui;Caribe;DariÈnRÌoQuito;4599604;2153115
11030030;72;(2-3);6;MANAGRU;ChocÛ;ElCantÛnDelSanPablo(Managr˙);Caribe;DariÈnRÌoQuito;4586812;2148667
11030040;76;(3-3);7;PAIMADO;ChocÛ;RioQuito(PaimadÛ);Caribe;DariÈnRÌoQuito;4585501;2165002
11035010;66;(3-4);5;LLORO;ChocÛ;LlorÛ;Caribe;DariÈnRÌoQuito;4603367;2168036
11035020;72;(3-3);7;SANISIDRO;ChocÛ;RioQuito(PaimadÛ);Caribe;DariÈnRÌoQuito;4584619;2181015
11040010;98;(3-4);5;TUTUNENDO;ChocÛ;QuibdÛ;Caribe;DariÈnRÌoBebaram·yotrosDirectosAtrato(md);4608205;2193870
11045010;95;(3-3);7;AEROPUERTOELCARANO;ChocÛ;QuibdÛ;Caribe;DariÈnRÌoCabiyotrosDirectosAtrato(md);4596416;2188069
11045030;5;(3-3);7;HUAPANGO;ChocÛ;QuibdÛ;Caribe;DariÈnRÌoCabiyotrosDirectosAtrato(md);4597581;2189108
11050010;97;(4-3);4;Tagachi;ChocÛ;QuibdÛ;Caribe;DariÈnDirectosAtratoentreRÌosBebaram·yMurrÌ(md);4587580;2246950
11050020;76;(4-3);4;BETE;ChocÛ;MedioAtrato(BetÈ);Caribe;DariÈn;4581530;2221848
11050030;83;(4-3);4;ElBuey;ChocÛ;MedioAtrato(BetÈ);Caribe;DariÈnDirectosAtratoentreRÌosQuitoyBojay·(mi);4577032;2233815
11050040;28;(3-3);7;CALAORRA;ChocÛ;QuibdÛ;Caribe;DariÈnDirectosAtratoentreRÌosQuitoyBojay·(mi);4573598;2196647
11050060;85;(4-3);4;AltodelBuey;ChocÛ;MedioAtrato(BetÈ);Caribe;DariÈnDirectosAtratoentreRÌosQuitoyBojay·(mi);4566586;2234537
11060010;99;(5-3);4;BUCHADO;Antioquia;VigiaDelFuerte;Caribe;DariÈnDirectosAtratoentreRÌosBebaram·yMurrÌ(md);4581950;2268941
11070020;85;(5-4);2;ElRoble;Antioquia;Urrao;Caribe;DariÈnRÌoMurrÌ;4642870;2258809
11070030;83;(5-5);18;LaClarita;Antioquia;Urrao;Caribe;DariÈnRÌoMurrÌ;4650763;2281693
11070040;6;(5-4);2;URRAO;Antioquia;Urrao;Caribe;DariÈnRÌoMurrÌ;4649730;2258890
11070130;56;(4-5);12;BRECHONEL;Antioquia;Urrao;Caribe;DariÈnRÌoMurrÌ;4664365;2236671
11075010;38;(5-5);18;LaHonda;Antioquia;Urrao;Caribe;DariÈnRÌoMurrÌ;4650699;2261435
11075020;83;(5-5);18;URRAO;Antioquia;Urrao;Caribe;DariÈnRÌoMurrÌ;4652293;2254998
11077030;61;(5-3);4;LaPlaya;Antioquia;VigiaDelFuerte;Caribe;DariÈnRÌoMurrÌ;4585355;2290695
11080010;99;(5-3);4;Bellavista;ChocÛ;Bojay·(Bellavista);Caribe;DariÈnDirectosAtratoentreRÌosQuitoyBojay·(mi);4570310;2284442
11085010;47;(5-3);4;LOMALA;ChocÛ;Bojay·(Bellavista);Caribe;DariÈnRÌoBojay·;4559442;2281666
11090010;84;(6-3);4;OPOGADO;ChocÛ;Bojay·(Bellavista);Caribe;DariÈnRÌoNapipÌRÌoOpogadÛ;4560867;2312580
11100010;45;(6-3);4;VIGIADECURVARADO;ChocÛ;CarmenDelDariÈn(CurbaradÛ);Caribe;DariÈnRÌoMurindÛDirectosalAtrato;4567321;2342523
11100020;85;(7-3);4;DOMINGODO;ChocÛ;CarmenDelDariÈn(CurbaradÛ);Caribe;DariÈnRÌoSucio;4554875;2353338
11100030;8;(6-3);4;MURINDO;Antioquia;MurindÛ;Caribe;DariÈnRÌoMurindÛDirectosalAtrato;4585685;2333142
11105010;15;(6-3);4;MURINDO;Antioquia;MurindÛ;Caribe;DariÈnRÌoMurindÛDirectosalAtrato;4585655;2329451
11110010;98;(6-5);8;NORMALSANTATERESA;Antioquia;Frontino;Caribe;DariÈnRÌoSucio;4653687;2306452
11110020;89;(5-5);18;ABRIAQUI;Antioquia;AbriaquÌ;Caribe;DariÈnRÌoSucio;4660087;2293040
11110030;83;(6-4);3;FUEMIA;Antioquia;Frontino;Caribe;DariÈnRÌoSucio;4640636;2317022
11110040;6;(6-5);8;CANASGORDAS;Antioquia;Ca√±asgordas;Caribe;DariÈnRÌoSucio;4664770;2304907
11110110;47;(5-5);18;BoquerÛndeToyo;Antioquia;Giraldo;Caribe;DariÈnRÌoSucio;4670912;2299275
11115020;89;(6-5);8;Ca√±asgordasAut;Antioquia;Ca√±asgordas;Caribe;AtratoDariÈnRÌoSucio;4665182;2305792
11115030;14;(6-4);3;NUTIBARA;Antioquia;Frontino;Caribe;DariÈnRÌoSucio;4640851;2312440
11115040;68;(6-4);3;MUSINGA;Antioquia;Frontino;Caribe;DariÈnRÌoSucio;4645985;2308123
11120010;10;(7-2);4;SALAQUI;ChocÛ;Riosucio;Caribe;DariÈnRÌoSalaquÌyotrosdirectosBajoAtrato;4527111;2381663
11120040;80;(7-2);4;RIOSUCIO;ChocÛ;Riosucio;Caribe;DariÈnRÌoSucio;4545703;2382164
11125010;38;(6-2);2;TERESITALA;ChocÛ;Riosucio;Caribe;DariÈnRÌoSalaquÌyotrosdirectosBajoAtrato;4502669;2333872
11130020;71;(7-2);4;HONDALA;ChocÛ;Riosucio;Caribe;DariÈnRÌoSalaquÌyotrosdirectosBajoAtrato;4544710;2397376
11130030;2;(8-2);3;SAUTATA;ChocÛ;Riosucio;Caribe;DariÈnRÌoTanelayotrosDirectosalCaribe;4540479;2429549
11135010;53;(8-2);3;SAUTATA;ChocÛ;Riosucio;Caribe;DariÈnRÌoTanelayotrosDirectosalCaribe;4545985;2427648
11135020;11;(7-2);4;BALSALA;ChocÛ;Riosucio;Caribe;DariÈnRÌoSalaquÌyotrosdirectosBajoAtrato;4536416;2390807
11135030;89;(8-2);3;UnguiaAut;ChocÛ;UnguÌa;Caribe;DariÈnRÌoTanelayotrosDirectosalCaribe;4549371;2448301
11140010;3;(8-3);18;MARIRRIO;Antioquia;Turbo;Caribe;DariÈnDirectosBajoAtratoentreRÌoSucioydesembocadura;4564553;2444084
11145010;15;(7-3);4;BAJIRA;ChocÛ;Riosucio;Caribe;DariÈnRÌoSucio;4595245;2375514
11150010;87;(9-3);7;TITUMATE;ChocÛ;UnguÌa;Caribe;DariÈnRÌoToloyotrosDirectosalCaribe;4551004;2478346
11150020;87;(9-3);7;TANELA;ChocÛ;UnguÌa;Caribe;DariÈnRÌoTanelayotrosDirectosalCaribe;4554749;2462228
11150030;77;(10-2);2;ACANDI;ChocÛ;AcandÌ;Caribe;DariÈnRÌoToloyotrosDirectosalCaribe;4529081;2503266
11155010;10;(10-2);2;PLAYALA;ChocÛ;AcandÌ;Caribe;DariÈnRÌoToloyotrosDirectosalCaribe;4528379;2503551
11155020;3;(9-3);7;GLORIALA;ChocÛ;UnguÌa;Caribe;DariÈnRÌoTanelayotrosDirectosalCaribe;4551968;2473751
12010010;92;(8-3);18;TORMENTOEL;Antioquia;Turbo;Caribe;LitoralRÌoLeÛn;4574771;2418113
12010030;88;(7-3);4;BARRANQUILLITA;Antioquia;ChigorodÛ;Caribe;LitoralRÌoLeÛn;4591734;2396214
12010040;15;(8-3);18;TULENAPA;Antioquia;ChigorodÛ;Caribe;LitoralRÌoLeÛn;4595508;2406886
12010050;76;(8-3);18;TOSCANALA;Antioquia;Carepa;Caribe;LitoralRÌoLeÛn;4591625;2422577
12010060;81;(8-3);18;LORENALA;Antioquia;ApartadÛ;Caribe;LitoralRÌoLeÛn;4593212;2428653
12010070;83;(8-3);18;CASCOEL;Antioquia;ApartadÛ;Caribe;LitoralRÌoLeÛn;4597803;2430981
12010080;31;(8-3);18;SANTAISABEL;Antioquia;Carepa;Caribe;LitoralRÌoLeÛn;4595587;2416113
12010090;83;(8-3);18;TRIGANA;Antioquia;Carepa;Caribe;LitoralRÌoLeÛn;4590591;2415898
12010100;78;(8-4);15;EUPOL;Antioquia;Turbo;Caribe;LitoralRÌoLeÛn;4601216;2437715
12010110;84;(8-3);18;PRADOMAR;Antioquia;Turbo;Caribe;LitoralRÌoMulatosyotrosdirectosalCaribe;4598924;2442374
12010120;84;(8-3);18;SANTAMARTHA;Antioquia;Turbo;Caribe;LitoralRÌoLeÛn;4597697;2435344
12010130;3;(8-3);18;CHIGORODO;Antioquia;ChigorodÛ;Caribe;LitoralRÌoLeÛn;4591858;2410609
12010140;8;(8-3);18;RIOGRANDE;Antioquia;Turbo;Caribe;LitoralRÌoLeÛn;4599445;2436381
12010150;0;(7-4);3;VILLAARTEAGA;Antioquia;Mutat·;Caribe;LitoralRÌoLeÛn;4600832;2382850
12010160;24;(8-4);15;SANJOSEAPARTADO;Antioquia;ApartadÛ;Caribe;LitoralRÌoLeÛn;4603060;2428967
12010170;41;(7-3);4;NUEVOORIENTE;Antioquia;Turbo;Caribe;DariÈnDirectosBajoAtratoentreRÌoSucioydesembocadura;4592786;2384061
12010180;24;(8-4);15;CHOROMANDOHACIENDA;Antioquia;Turbo;Caribe;LitoralRÌoLeÛn;4604980;2438178
12015010;64;(7-4);3;VILLARTEAGA;Antioquia;Mutat·;Caribe;LitoralRÌoLeÛn;4615168;2369966
12015020;83;(8-3);18;UNIBAN;Antioquia;ApartadÛ;Caribe;LitoralRÌoLeÛn;4597353;2424504
12015030;14;(8-3);18;IdemaMontecrisanto;Antioquia;ChigorodÛ;Caribe;LitoralRÌoLeÛn;4593651;2405056
12015040;1;(8-3);18;NEGRALA1;Antioquia;Turbo;Caribe;LitoralRÌoLeÛn;4593941;2438275
12015050;19;(8-3);18;RIOGRANDE;Antioquia;Turbo;Caribe;LitoralRÌoLeÛn;4599428;2434535
12015060;58;(8-3);18;TulenapaAut;Antioquia;Carepa;Caribe;LitoralRÌoLeÛn;4595712;2418764
12015070;72;(8-3);18;AEROPUERTOLOSCEDROS;Antioquia;Carepa;Caribe;LitoralRÌoLeÛn;4589995;2423514
12015080;12;(8-4);15;CERRAZONLA;Antioquia;ChigorodÛ;Caribe;LitoralRÌoLeÛn;4601078;2412375
12015090;69;(7-4);3;PALMERALA;Antioquia;ChigorodÛ;Caribe;LitoralRÌoLeÛn;4602140;2392620
12020010;95;(9-4);2;PUEBLOBELLO;Antioquia;Turbo;Caribe;LitoralRÌoMulatosyotrosdirectosalCaribe;4612209;2465795
12020040;17;(8-4);15;NUEVAANTIOQUIA;Antioquia;Turbo;Caribe;LitoralRÌoMulatosyotrosdirectosalCaribe;4608755;2449217
12020170;12;(9-3);7;PLAYONALA;Antioquia;Turbo;Caribe;LitoralRÌoMulatosyotrosdirectosalCaribe;4597852;2464078
12025010;26;(9-3);7;AEROPUERTOGONZALO;Antioquia;Turbo;Caribe;LitoralRÌoMulatosyotrosdirectosalCaribe;4588590;2456780
12025020;13;(9-3);7;CARIBIA;Antioquia;NecoclÌ;Caribe;LitoralRÌoMulatosyotrosdirectosalCaribe;4594502;2499176
12025030;62;(10-3);1;ElMellito;Antioquia;NecoclÌ;Caribe;LitoralRÌoMulatosyotrosdirectosalCaribe;4595647;2503890
12025040;45;(9-3);7;TurboAut;Antioquia;Turbo;Caribe;Litoral;4590441;2454010
12030010;92;(10-4);5;SanJuandeUrab·;Antioquia;SanJuanDeUrab·;Caribe;LitoralRÌoMulatosyotrosdirectosalCaribe;4611329;2527278
12030020;90;(10-4);5;ElCarmelo;Antioquia;Arboletes;Caribe;LitoralRÌoSanJuan;4628052;2512154
12040010;88;(10-4);5;JARAMAGAL;CÛrdoba;PuertoEscondido;Caribe;LitoralRioCanaleteyotrosArroyosDirectosalCaribe;4645852;2543085
12040020;95;(10-4);5;CANALETE;CÛrdoba;Canalete;Caribe;LitoralRioCanaleteyotrosArroyosDirectosalCaribe;4644122;2530494
12045010;84;(10-4);5;ARBOLETES;Antioquia;Arboletes;Caribe;LitoralRioCanaleteyotrosArroyosDirectosalCaribe;4622558;2537329
12045020;86;(11-4);1;CristoReyAut;CÛrdoba;PuertoEscondido;Caribe;LitoralRioCanaleteyotrosArroyosDirectosalCaribe;4645620;2561935
13010010;14;(8-5);2;MOLINILLO;CÛrdoba;Tierralta;Caribe;AltoSin˙Urr·;4663618;2408197
13010020;7;(8-4);15;TUCURA;CÛrdoba;Tierralta;Caribe;AltoSin˙Urr·;4639912;2436044
13010040;14;(8-5);2;FLECHALA;CÛrdoba;Tierralta;Caribe;AltoSin˙Urr·;4672779;2402600
13015010;10;(8-4);15;URRA2;CÛrdoba;Tierralta;Caribe;AltoSin˙Urr·;4647100;2413852
13015020;7;(8-4);15;TUCURA;CÛrdoba;Tierralta;Caribe;AltoSin˙Urr·;4641780;2439719
13015030;36;(8-4);15;CAMPOBELLO;CÛrdoba;Tierralta;Caribe;AltoSin˙Urr·;4643634;2441549
13015040;31;(8-4);15;REPRESAURRA;CÛrdoba;Tierralta;Caribe;MedioSin˙;4647001;2444935
13020020;42;(8-4);15;CIELOEL;CÛrdoba;Tierralta;Caribe;AltoSin˙Urr·;4623344;2434332
13020040;19;(8-4);15;SAIZA;CÛrdoba;Tierralta;Caribe;AltoSin˙Urr·;4615788;2410407
13025020;2;(8-4);15;ESMERALDALA;CÛrdoba;Tierralta;Caribe;AltoSin˙Urr·;4641665;2424961
13025030;47;(8-4);15;DESPENSALA;CÛrdoba;Tierralta;Caribe;AltoSin˙Urr·;4636190;2430539
13030010;95;(9-5);10;TIERRALTA;CÛrdoba;Tierralta;Caribe;MedioSin˙;4663691;2463898
13035010;33;(8-4);15;PUERTONUEVO;CÛrdoba;Tierralta;Caribe;AltoSin˙Urr·;4638088;2437903
13035501;80;(10-5);28;AEROPUERTOLOSGARZONES;CÛrdoba;MonterÌa;Caribe;BajoSin˙;4689334;2534431
13040010;49;(9-4);2;QUIMARI;CÛrdoba;Tierralta;Caribe;AltoSin˙Urr·;4632675;2450861
13040030;55;(9-5);10;PEZVAL;CÛrdoba;Valencia;Caribe;MedioSin˙;4650955;2472359
13045010;27;(9-5);10;JARAGUAY;CÛrdoba;Valencia;Caribe;MedioSin˙;4660449;2476465
13050010;93;(10-5);28;SANTALUCIA;CÛrdoba;MonterÌa;Caribe;BajoSin˙;4665126;2537143
13050020;84;(10-5);28;SANTACRUZHACIENDA;CÛrdoba;MonterÌa;Caribe;BajoSin˙;4656306;2517171
13050030;94;(9-5);10;LOMAVERDE;CÛrdoba;MonterÌa;Caribe;BajoSin˙;4650495;2498895
13050040;7;(9-5);10;TRESPIEDRAS;CÛrdoba;MonterÌa;Caribe;MedioSin˙;4673434;2492965
13055010;12;(10-5);28;VORAGINELA;CÛrdoba;MonterÌa;Caribe;BajoSin˙;4666219;2509621
13055030;58;(10-5);28;GALAN;CÛrdoba;MonterÌa;Caribe;MedioSin˙;4672970;2516115
13060010;87;(10-5);28;SANANTERITO;CÛrdoba;MonterÌa;Caribe;MedioSin˙;4685151;2504803
13060020;97;(9-5);10;BUENOSAIRES;CÛrdoba;MonterÌa;Caribe;MedioSin˙;4695640;2495660
13060030;95;(9-5);10;CARAMELO;CÛrdoba;Tierralta;Caribe;MedioSin˙;4680200;2472566
13065010;16;(9-5);10;TORPEZALA;CÛrdoba;MonterÌa;Caribe;MedioSin˙;4673420;2491121
13065020;74;(9-5);10;MARACAYO;CÛrdoba;MonterÌa;Caribe;MedioSin˙;4682949;2488468
13070010;88;(11-5);13;LIMONEL;CÛrdoba;SanBernardoDelViento;Caribe;BajoSin˙;4677425;2590990
13070020;90;(11-6);5;MOMIL;CÛrdoba;Momil;Caribe;BajoSin˙;4704752;2579524
13070030;50;(11-5);13;SABANANUEVA;CÛrdoba;SanPelayo;Caribe;BajoSin˙;4688608;2557396
13070040;97;(10-5);28;RABOLARGO;CÛrdoba;CeretÈ;Caribe;BajoSin˙;4698533;2548168
13070050;91;(10-5);28;CERETE;CÛrdoba;CeretÈ;Caribe;BajoSin˙;4693667;2541535
13070070;98;(10-5);28;BOCADELACEIBA;CÛrdoba;MonterÌa;Caribe;BajoSin˙;4685929;2534909
13070080;31;(10-6);13;SIGLOEL;CÛrdoba;CiÈnagaDeOro;Caribe;BajoSin˙;4717871;2547961
13070090;96;(10-6);13;SANCARLOS;CÛrdoba;SanCarlos;Caribe;BajoSin˙;4702923;2530428
13070100;96;(10-6);13;SANTAROSA;CÛrdoba;SanCarlos;Caribe;BajoSin˙;4713887;2524880
13070110;98;(10-5);28;CARRIZAL;CÛrdoba;SanCarlos;Caribe;BajoSin˙;4697098;2518453
13070120;95;(10-6);13;CALLEMAR;CÛrdoba;SanCarlos;Caribe;BajoSin˙;4705449;2520115
13070130;52;(10-5);28;CALIFORNIA;CÛrdoba;MonterÌa;Caribe;BajoSin˙;4688396;2529736
13070140;54;(10-5);28;COROZA1;CÛrdoba;CeretÈ;Caribe;BajoSin˙;4697609;2535199
13070150;51;(10-5);28;MOCARI;CÛrdoba;MonterÌa;Caribe;BajoSin˙;4684741;2531608
13070160;46;(10-6);13;BERASTEGUI;CÛrdoba;CiÈnagaDeOro;Caribe;BajoSin˙;4703151;2540691
13070170;81;(10-5);28;BUENOSAIRES1;CÛrdoba;SanCarlos;Caribe;BajoSin˙;4697590;2528500
13070180;80;(11-5);13;CARRILLO;CÛrdoba;SanPelayo;Caribe;BajoSin˙;4688737;2551986
13070190;82;(10-5);28;COROZA2;CÛrdoba;SanCarlos;Caribe;BajoSin˙;4695935;2532046
13070200;45;(10-5);28;COROCITO;CÛrdoba;SanPelayo;Caribe;BajoSin˙;4692204;2548148
13070210;44;(11-5);13;COTORRA;CÛrdoba;Cotorra;Caribe;BajoSin˙;4694108;2557354
13070220;47;(10-5);28;FLORDELSINU;CÛrdoba;MonterÌa;Caribe;BajoSin˙;4686590;2533438
13070230;51;(10-5);28;HORIZONTE;CÛrdoba;MonterÌa;Caribe;BajoSin˙;4684713;2527920
13070240;45;(11-5);13;CERROBAHIA;CÛrdoba;Lorica;Caribe;BajoSin˙;4687009;2586916
13070250;47;(11-5);13;TRAPICHEEL;CÛrdoba;Lorica;Caribe;BajoSin˙;4683360;2588790
13070260;45;(10-5);28;LAMAS3;CÛrdoba;MonterÌa;Caribe;BajoSin˙;4686520;2524218
13070270;49;(10-5);28;MONTERIA;CÛrdoba;MonterÌa;Caribe;BajoSin˙;4687497;2534522
13070280;80;(10-5);28;SABANAL;CÛrdoba;MonterÌa;Caribe;BajoSin˙;4697419;2530253
13070290;61;(10-5);28;TAMPA;CÛrdoba;MonterÌa;Caribe;BajoSin˙;4695544;2512134
13070300;8;(11-6);5;CHIMA;CÛrdoba;Chima;Caribe;BajoSin˙;4712530;2570125
13070310;1;(11-6);5;CHIMA;CÛrdoba;Chima;Caribe;BajoSin˙;4712530;2570125
13070330;2;(11-5);13;ICOTEASLAS;CÛrdoba;Cotorra;Caribe;BajoSin˙;4695955;2559184
13070340;43;(10-5);28;PALMADEVINO;CÛrdoba;MonterÌa;Caribe;BajoSin˙;4692024;2524176
13070390;0;(10-6);13;CIENAGADEORO;CÛrdoba;CiÈnagaDeOro;Caribe;BajoSin˙;4710842;2539160
13070420;2;(11-5);13;CNOELMUERTO;CÛrdoba;Lorica;Caribe;BajoSin˙;4687009;2586916
13070440;57;(11-6);5;VILLAMARCELA;CÛrdoba;SanAntero;Caribe;LitoralDirectosCaribeGolfodeMorrosquillo;4701463;2592580
13075010;85;(11-6);5;CHIMA;CÛrdoba;Chima;Caribe;BajoSin˙;4711935;2570212
13075020;96;(10-6);13;SALADOEL;CÛrdoba;CiÈnagaDeOro;Caribe;BajoSin˙;4716132;2543978
13075030;90;(10-5);28;TURIPANA;CÛrdoba;CeretÈ;Caribe;BajoSin˙;4691904;2535927
13075040;9;(10-6);13;AEROPUERTOBERASTEGUI;CÛrdoba;CiÈnagaDeOro;Caribe;BajoSin˙;4706818;2540664
13075050;61;(10-5);28;UNIVDECORDOBA;CÛrdoba;MonterÌa;Caribe;BajoSin˙;4685302;2530927
13075060;2;(10-5);28;MONTERIA;CÛrdoba;MonterÌa;Caribe;BajoSin˙;4682865;2526090
13077070;97;(10-6);13;CIENAGADEORO;CÛrdoba;CiÈnagaDeOro;Caribe;BajoSin˙;4710842;2539160
13080010;97;(10-5);28;SANANTONIO;CÛrdoba;SanPelayo;Caribe;BajoSin˙;4675322;2546716
13080020;6;(11-5);13;LORICA;CÛrdoba;Lorica;Caribe;BajoSin˙;4688797;2581369
13080030;0;(10-5);28;SANANTONIO;CÛrdoba;SanPelayo;Caribe;BajoSin˙;4672019;2546462
13080060;1;(11-5);13;DOCTRINALA;CÛrdoba;Lorica;Caribe;BajoSin˙;4683345;2586946
13085010;91;(11-5);13;DOCTRINALA;CÛrdoba;Lorica;Caribe;BajoSin˙;4682305;2586647
13085030;93;(11-5);13;SANBERNARDODELVIENTO;CÛrdoba;SanBernardoDelViento;Caribe;BajoSin˙;4676083;2594752
13085050;78;(11-5);13;LoricaItaAut;CÛrdoba;Lorica;Caribe;BajoSin˙;4687581;2581680
16050140;7;(8-11);5;JURISDICCIONES;NortedeSantander;Ì¬Åbrego;MagdalenaCauca;RÌoLebrijayotrosdirectosalMagdalena;4974287;2425424
21210020;94;(1-6);24;JUNTASLAS;Tolima;IbaguÈ;MagdalenaCauca;RÌoCoello;4742503;2061881
21210100;40;(1-6);24;RANCHOEL;Tolima;IbaguÈ;MagdalenaCauca;RÌoCoello;4741542;2066750
21210110;71;(1-6);24;PLACEREL;Tolima;IbaguÈ;MagdalenaCauca;RÌoCoello;4747346;2057956
21210220;94;(1-6);24;PALMAREL;Tolima;IbaguÈ;MagdalenaCauca;RÌoCoello;4742065;2064515
21210260;32;(1-6);24;SILENCIOEL;Tolima;IbaguÈ;MagdalenaCauca;RÌoCoello;4735685;2070422
21230070;88;(1-8);10;SANJUANDRIOSECO;Cundinamarca;SanJuanDeRioseco;MagdalenaCauca;RÌoSecoyotrosDirectosalMagdalena;4820110;2094275
21230090;78;(2-8);12;ARRANCAPLUMAS;Cundinamarca;Guaduas;MagdalenaCauca;RÌoSecoyotrosDirectosalMagdalena;4808410;2133157
21230120;66;(2-8);12;BELLEZALA;Cundinamarca;ChaguanÌ;MagdalenaCauca;RÌoSecoyotrosDirectosalMagdalena;4824771;2109088
21240040;28;(1-7);23;SANTAISABEL;Tolima;SantaIsabel;MagdalenaCauca;RÌoTotare(1-7);4767144;2077694
21240070;86;(1-7);23;ANZOATEGUI;Tolima;Anzo·tegui;MagdalenaCauca;RÌoTotare(1-7);4768233;2070780
21240110;60;(1-7);23;BODEGALA;Tolima;SantaIsabel;MagdalenaCauca;RÌoLagunillayOtrosDirectosalMagdalena;4762839;2081644
21245050;0;(1-6);24;AFRICAABAJO;Tolima;SantaIsabel;MagdalenaCauca;RÌoTotare(1-6);4739427;2083311
21245070;0;(1-6);24;AFRICALALINEA;Tolima;SantaIsabel;MagdalenaCauca;RÌoOt˙nyotrosdirectosalCauca;4735735;2085167
21245090;29;(1-7);23;ERMITALA;Tolima;SantaIsabel;MagdalenaCauca;RÌoTotare(1-7);4750509;2079589
21245100;3;(1-6);24;TOTARITO;Tolima;SantaIsabel;MagdalenaCauca;RÌoTotare(1-6);4748660;2079595
21245120;3;(1-7);23;ALTOPURIMA;Tolima;SantaIsabel;MagdalenaCauca;RÌoLagunillayOtrosDirectosalMagdalena;4767150;2079537
21245140;75;(1-7);23;SANTAISABEL;Tolima;SantaIsabel;MagdalenaCauca;RÌoLagunillayOtrosDirectosalMagdalena;4767763;2079003
21250050;59;(1-7);23;ALTODELOSO;Tolima;Murillo;MagdalenaCauca;RÌoLagunillayOtrosDirectosalMagdalena;4750558;2094332
21250060;21;(2-7);24;IdemaArmero;Tolima;Armero(Guayabal);MagdalenaCauca;RÌoLagunillayOtrosDirectosalMagdalena;4787564;2107117
21250070;94;(1-7);23;SIERRALA;Tolima;LÈrida;MagdalenaCauca;RÌoLagunillayOtrosDirectosalMagdalena;4785401;2088709
21250100;58;(1-7);23;ESTRELLALA;Tolima;Venadillo;MagdalenaCauca;RÌoLagunillayOtrosDirectosalMagdalena;4789493;2084466
21250120;62;(2-7);24;VILLAHERMOSA;Tolima;Villahermosa;MagdalenaCauca;RÌoLagunillayOtrosDirectosalMagdalena;4765300;2112734
21250150;4;(2-7);24;PUENTEKM85EL;Tolima;Armero(Guayabal);MagdalenaCauca;RÌoLagunillayOtrosDirectosalMagdalena;4796793;2103406
21250170;48;(2-7);24;BOQUERON;Tolima;Villahermosa;MagdalenaCauca;RÌoLagunillayOtrosDirectosalMagdalena;4750269;2100292
21250190;33;(1-7);23;GARCIAHACIENDA;Tolima;LÈrida;MagdalenaCauca;RÌoLagunillayOtrosDirectosalMagdalena;4789375;2094213
21250310;1;(1-8);10;IDEMA;Tolima;Ambalema;MagdalenaCauca;RÌoLagunillayOtrosDirectosalMagdalena;4802293;2086808
21250350;4;(1-8);10;TRIUNFOELHACIENDA;Tolima;Ambalema;MagdalenaCauca;RÌoLagunillayOtrosDirectosalMagdalena;4800469;2096026
21250360;4;(2-7);24;PUENTEELKM89;Tolima;Armero(Guayabal);MagdalenaCauca;RÌoLagunillayOtrosDirectosalMagdalena;4793097;2103416
21250370;27;(2-7);24;FLORIDALAHACIENDA;Tolima;Ambalema;MagdalenaCauca;RÌoLagunillayOtrosDirectosalMagdalena;4798641;2103400
21250410;0;(2-7);24;BLEDONIA;Tolima;LÈrida;MagdalenaCauca;RÌoLagunillayOtrosDirectosalMagdalena;4787553;2103432
21250430;59;(1-8);10;CAMPAMENTOAMBALEM;Tolima;Ambalema;MagdalenaCauca;RÌoLagunillayOtrosDirectosalMagdalena;4804141;2086804
21250440;4;(1-7);23;ALEGRIAS;Tolima;Ambalema;MagdalenaCauca;RÌoLagunillayOtrosDirectosalMagdalena;4785684;2096066
21250450;95;(2-7);24;POTOSIHACIENDA;Tolima;Armero(Guayabal);MagdalenaCauca;RÌoLagunillayOtrosDirectosalMagdalena;4791382;2116653
21250460;85;(1-7);23;VENADILLO;Tolima;Venadillo;MagdalenaCauca;RÌoLagunillayOtrosDirectosalMagdalena;4787349;2073634
21250480;62;(2-7);24;SANTABARBARA;Tolima;Murillo;MagdalenaCauca;RÌoLagunillayOtrosDirectosalMagdalena;4753884;2100581
21250500;96;(2-7);24;LIBANO;Tolima;LÌbano;MagdalenaCauca;RÌoLagunillayOtrosDirectosalMagdalena;4769896;2102219
21250510;22;(2-7);24;ArmeroGranjaCUnive;Tolima;Armero(Guayabal);MagdalenaCauca;RÌoLagunillayOtrosDirectosalMagdalena;4787564;2107117
21250530;3;(2-7);24;PALMALA;Tolima;LÌbano;MagdalenaCauca;RÌoLagunillayOtrosDirectosalMagdalena;4769077;2105330
21250540;39;(1-8);10;BOCATOMACNORTE;Tolima;Ambalema;MagdalenaCauca;RÌoLagunillayOtrosDirectosalMagdalena;4800445;2086813
21250550;21;(1-7);23;ESPERANZALOBONES;Tolima;LÈrida;MagdalenaCauca;RÌoLagunillayOtrosDirectosalMagdalena;4785678;2094224
21250560;37;(1-7);23;CHORRILLO;Tolima;Ambalema;MagdalenaCauca;RÌoLagunillayOtrosDirectosalMagdalena;4798611;2092346
21250570;36;(1-7);23;IGUACITOS;Tolima;LÈrida;MagdalenaCauca;RÌoLagunillayOtrosDirectosalMagdalena;4794920;2094198
21250580;34;(1-7);23;BOQUERON;Tolima;Ambalema;MagdalenaCauca;RÌoLagunillayOtrosDirectosalMagdalena;4796753;2088666
21250590;39;(1-8);10;BOCATOMACCENTRAL;Tolima;Ambalema;MagdalenaCauca;RÌoLagunillayOtrosDirectosalMagdalena;4802293;2086808
21250600;35;(1-8);10;GAMBA;Tolima;Ambalema;MagdalenaCauca;RÌoLagunillayOtrosDirectosalMagdalena;4804151;2090489
21250610;36;(1-8);10;ALSACIA;Tolima;Ambalema;MagdalenaCauca;RÌoLagunillayOtrosDirectosalMagdalena;4802312;2094178
21250620;37;(1-7);23;MANGONEL;Tolima;LÈrida;MagdalenaCauca;RÌoLagunillayOtrosDirectosalMagdalena;4787516;2090533
21250630;36;(1-7);23;BALMORAL;Tolima;LÈrida;MagdalenaCauca;RÌoLagunillayOtrosDirectosalMagdalena;4787511;2088691
21250640;2;(1-8);10;PIEDRASNEGRAS;Tolima;Ambalema;MagdalenaCauca;RÌoLagunillayOtrosDirectosalMagdalena;4800440;2084971
21255070;0;(2-7);24;BLEDONIA;Tolima;LÈrida;MagdalenaCauca;RÌoLagunillayOtrosDirectosalMagdalena;4787553;2103432
21255080;89;(1-8);10;SALTOEL;Tolima;Ambalema;MagdalenaCauca;RÌoCoello;4804000;2086850
21255090;66;(2-7);24;ARMEROGRANJA;Tolima;Armero(Guayabal);MagdalenaCauca;RÌoLagunillayOtrosDirectosalMagdalena;4789423;2110797
21255110;82;(1-7);23;SANTAISABEL;Tolima;SantaIsabel;MagdalenaCauca;RÌoTotare(1-7);4763613;2077898
21255120;80;(2-7);24;VILLAHERMOSA;Tolima;Villahermosa;MagdalenaCauca;RÌoLagunillayOtrosDirectosalMagdalena;4765300;2112734
21255140;58;(1-7);23;QUINTALA;Tolima;LÈrida;MagdalenaCauca;RÌoLagunillayOtrosDirectosalMagdalena;4787077;2091069
21255150;49;(1-7);23;GARCIAHACIENDA;Tolima;LÈrida;MagdalenaCauca;RÌoLagunillayOtrosDirectosalMagdalena;4790313;2094810
21255170;98;(1-7);23;MurilloAut;Tolima;Murillo;MagdalenaCauca;RÌoLagunillayOtrosDirectosalMagdalena;4759075;2096577
22050100;61;(1-7);23;GUAYABOSLOS;Tolima;Coyaima;MagdalenaCauca;RÌoTotare(1-7);4767469;2072889
23010020;94;(2-7);24;EDENEL;Tolima;Fresno;MagdalenaCauca;RÌoGualÌ;4772967;2128358
23010070;4;(2-7);24;MACARENALAHACIENDA;Tolima;Mariquita;MagdalenaCauca;RÌoGualÌ;4791329;2131059
23010080;97;(2-8);12;IdemaHonda;Tolima;Honda;MagdalenaCauca;RÌoGualÌ;4806159;2133016
23010110;5;(2-7);24;SUBESTACIONELECTR;Tolima;Mariquita;MagdalenaCauca;RÌoGualÌ;4793177;2131054
23015040;50;(2-7);24;AEROPUERTOMARIQUITA;Tolima;Mariquita;MagdalenaCauca;RÌoGualÌ;4790999;2133978
23020080;87;(2-7);24;MANZANARES;Caldas;Manzanares;MagdalenaCauca;RÌoGuarinÛ;4762457;2140249
23020090;88;(2-6);13;MARULANDA;Caldas;Marulanda;MagdalenaCauca;RÌoGuarinÛ;4748822;2141685
23020100;88;(2-7);24;VICTORIALA;Caldas;Victoria;MagdalenaCauca;RÌoGuarinÛ;4787906;2146299
23025020;85;(2-8);12;ESPERANZALA;Tolima;Honda;MagdalenaCauca;RÌoGualÌ;4808443;2139778
23025040;65;(2-7);24;ALBANIA;Tolima;Mariquita;MagdalenaCauca;RÌoGuarinÛ;4789224;2142383
23030010;5;(3-8);10;ESPERANZALAHACIENDA;Cundinamarca;PuertoSalgar;MagdalenaCauca;DirectosalMagdalenaentreRÌosSecoyNegro(md);4819120;2162302
23035020;73;(3-8);10;AEROPUERTOPALANQUERO;Cundinamarca;PuertoSalgar;MagdalenaCauca;DirectosalMagdalenaentreRÌosSecoyNegro(md);4816752;2162831
23040030;88;(3-8);10;IdemaDorada;Caldas;LaDorada;MagdalenaCauca;DirectosMagdalenaentreRÌosGuarinÛyLaMiel;4814379;2163700
23040050;1;(3-8);10;BASCULALA;Caldas;LaDorada;MagdalenaCauca;DirectosMagdalenaentreRÌosGuarinÛyLaMiel;4809878;2158643
23040060;4;(3-8);10;PALMARELHACIENDA;Caldas;LaDorada;MagdalenaCauca;DirectosMagdalenaentreRÌosGuarinÛyLaMiel;4808032;2158648
23040070;86;(2-7);24;CANAVERAL;Caldas;Victoria;MagdalenaCauca;RÌoLaMiel(Saman·);4784880;2147119
23050070;18;(3-8);10;NORCASIA;Caldas;Victoria;MagdalenaCauca;DirectosMagdalenaentreRÌosGuarinÛyLaMiel;4809920;2173382
23050080;94;(2-7);24;MARQUETALIA;Caldas;Marquetalia;MagdalenaCauca;RÌoLaMiel(Saman·);4772069;2143899
23050100;77;(3-8);10;SANMIGUEL;Antioquia;SonsÛn;MagdalenaCauca;RÌoLaMiel(Saman·);4808931;2191524
23050230;84;(3-7);5;SANJOSEPENSILVAN;Caldas;Pensilvania;MagdalenaCauca;RÌoLaMiel(Saman·);4761935;2152269
23050250;74;(3-7);5;NORCASIARADIO;Caldas;Norcasia;MagdalenaCauca;RÌoLaMiel(Saman·);4790536;2174305
23055040;85;(3-7);5;SAMANA;Caldas;Saman·;MagdalenaCauca;RÌoLaMiel(Saman·);4778568;2157204
23055070;52;(3-7);5;ARGELIA;Antioquia;Argelia;MagdalenaCauca;RÌoLaMiel(Saman·);4763093;2191596
23055080;18;(3-7);5;FLORENCIA;Caldas;Saman·;MagdalenaCauca;RÌoLaMiel(Saman·);4772985;2169815
23060090;10;(3-8);10;YACOPI;Cundinamarca;YacopÌ;MagdalenaCauca;RÌoNegro;4848666;2165913
23060110;92;(2-8);12;CAPARRAPI;Cundinamarca;CaparrapÌ;MagdalenaCauca;RÌoNegro;4834436;2149609
23060140;89;(2-8);12;TUSCOLOEL;Cundinamarca;Guaduas;MagdalenaCauca;RÌoNegro;4821807;2118386
23060150;87;(3-8);10;PUERTOLIBRE;Cundinamarca;PuertoSalgar;MagdalenaCauca;RÌoNegro;4819874;2194535
23060160;87;(3-8);10;SANPABLO;Cundinamarca;CaparrapÌ;MagdalenaCauca;RÌoNegro;4838057;2164289
23060170;73;(2-8);12;PALMALA;Cundinamarca;LaPalma;MagdalenaCauca;RÌoNegro;4846142;2149269
23060180;90;(2-9);6;PENONEL;Cundinamarca;ElPe√±Ûn;MagdalenaCauca;RÌoNegro;4856600;2138645
23060190;86;(2-8);12;UTICA;Cundinamarca;Ì≈°tica;MagdalenaCauca;RÌoNegro;4835423;2132352
23060260;64;(2-8);12;CHILAGUAFINCA;Cundinamarca;Nocaima;MagdalenaCauca;RÌoNegro;4846857;2117797
23060270;5;(2-9);6;CABRERALA;Cundinamarca;Pacho;MagdalenaCauca;RÌoNegro;4872586;2125339
23060290;67;(2-8);12;SILENCIOEL;Cundinamarca;Sasaima;MagdalenaCauca;RÌoNegro;4843508;2107694
23060370;23;(2-8);12;ESTANCIALA;Cundinamarca;LaVega;MagdalenaCauca;RÌoNegro;4848537;2106965
23065110;83;(3-9);15;YACOPIAut;Cundinamarca;YacopÌ;MagdalenaCauca;RÌoNegro;4850000;2164160
23065120;86;(2-9);6;CABRERALA;Cundinamarca;Pacho;MagdalenaCauca;RÌoNegro;4873766;2126246
23065200;9;(2-8);12;TRAPICHEEL;Cundinamarca;Villeta;MagdalenaCauca;RÌoNegro;4833339;2113799
23070010;54;(4-8);6;CLARODELUNA;Antioquia;SonsÛn;MagdalenaCauca;DirectosMagdalenaMedioentreRÌosLaMielyNare;4804996;2205981
23070020;66;(4-7);13;RIOCLARO;Antioquia;SonsÛn;MagdalenaCauca;DirectosMagdalenaMedioentreRÌosLaMielyNare;4795436;2205361
23080390;83;(5-7);20;SANTODOMINGO;Antioquia;SantoDomingo;MagdalenaCauca;RÌoNare;4760785;2273245
23080490;33;(4-7);13;SANCARLOS;Antioquia;SanCarlos;MagdalenaCauca;RÌoNare;4780631;2243498
23080630;30;(5-7);20;TOPACIOEL;Antioquia;SanRafael;MagdalenaCauca;RÌoNare;4780708;2263768
23080640;93;(4-6);19;MARINILLA;Antioquia;Marinilla;MagdalenaCauca;RÌoNare;4742476;2240455
23080650;92;(4-6);19;CAMPOALEGRE;Antioquia;CarmenDeViboral;MagdalenaCauca;RÌoNare;4741587;2229698
23080660;25;(5-7);20;MORROEL;Antioquia;SantoDomingo;MagdalenaCauca;RÌoNare;4764154;2273049
23080680;29;(5-7);20;ALEJANDRIA;Antioquia;AlejandrÌa;MagdalenaCauca;RÌoNare;4762272;2263842
23080720;64;(5-8);9;CANTERAS;Antioquia;PuertoNare;MagdalenaCauca;RÌoNare;4814846;2251800
23080730;47;(5-7);20;TEJAREL;Antioquia;SanRafael;MagdalenaCauca;RÌoNare;4775141;2254576
23080740;89;(5-7);20;CONCEPCION;Antioquia;ConcepciÛn;MagdalenaCauca;RÌoNare;4750202;2265399
23080750;88;(4-7);13;COCORNA;Antioquia;Cocorn·;MagdalenaCauca;RÌoNare;4758514;2227367
23080760;88;(5-7);20;SANROQUE;Antioquia;SanRoque;MagdalenaCauca;RÌoNare;4777030;2275300
23080790;37;(4-6);19;LINDALA;Antioquia;CarmenDeViboral;MagdalenaCauca;RÌoNare;4747317;2215985
23080800;36;(4-7);13;PATIOBONITO;Antioquia;SanCarlos;MagdalenaCauca;RÌoNare;4789845;2241622
23080810;66;(4-7);13;JORDANEL;Antioquia;SanCarlos;MagdalenaCauca;RÌoNare;4797825;2248909
23080820;63;(4-7);13;TAFETANES;Antioquia;Granada;MagdalenaCauca;RÌoNare;4765734;2237664
23080910;15;(4-7);13;MEDIOSLOS;Antioquia;Granada;MagdalenaCauca;RÌoNare;4769537;2236169
23080920;55;(4-6);19;SANTUARIO;Antioquia;Santuario;MagdalenaCauca;RÌoNare;4748876;2235884
23080930;20;(4-7);13;POPOEL;Antioquia;SanCarlos;MagdalenaCauca;RÌoNare;4780631;2243498
23080940;46;(5-7);20;PRESASANLORENZO;Antioquia;AlejandrÌa;MagdalenaCauca;RÌoNare;4779222;2263912
23080950;20;(5-7);20;VIENTOEL;Antioquia;AlejandrÌa;MagdalenaCauca;RÌoNare;4767811;2265662
23085010;5;(4-7);13;CALDERAS;Antioquia;SanCarlos;MagdalenaCauca;RÌoNare;4771389;2238005
23085030;63;(5-7);20;ALEJANDRIA;Antioquia;AlejandrÌa;MagdalenaCauca;RÌoNare;4763000;2263056
23085080;87;(5-7);20;GranjaExperimentalElNusAut;Antioquia;SanRoque;MagdalenaCauca;RÌoNare;4796967;2274791
23085100;3;(4-6);19;CARMELOELHACIENDA;Antioquia;LaCeja;MagdalenaCauca;RÌoNare;4734439;2225256
23085110;87;(4-7);13;PENOLEL;Antioquia;Pe√±ol;MagdalenaCauca;RÌoNare;4752091;2245184
23085130;11;(4-7);13;SANCARLOS;Antioquia;SanCarlos;MagdalenaCauca;RÌoNare;4780631;2243498
23085140;87;(4-7);13;SANFRANCISCO;Antioquia;SanFrancisco;MagdalenaCauca;RÌoNare;4767543;2217432
23085160;81;(5-7);20;CORRIENTES;Antioquia;SanVicente;MagdalenaCauca;RÌoNare;4750782;2255997
23085210;54;(5-7);20;VIOLETASLAS;Antioquia;SanRafael;MagdalenaCauca;RÌoNare;4778543;2259968
23085220;68;(4-7);13;SANCARLOS;Antioquia;SanCarlos;MagdalenaCauca;RÌoNare;4774463;2238841
23085260;81;(4-6);19;LASELVAAut;Antioquia;Rionegro;MagdalenaCauca;RÌoNare;4732876;2236166
23085270;74;(4-6);19;Aerop.J.M.CORDOVAAut;Antioquia;Rionegro;MagdalenaCauca;RÌoNare;4731186;2240386
23090020;84;(5-8);9;VIRGINIAS;Antioquia;PuertoBerRÌo;MagdalenaCauca;RiÛSanBartoloyotrosdirectosalMagdalenaMedio;4814061;2264780
23090040;14;(5-8);9;PUERTOBERRIO;Antioquia;PuertoBerRÌo;MagdalenaCauca;RiÛSanBartoloyotrosdirectosalMagdalenaMedio;4845256;2276452
23090080;0;(5-8);9;PUERTOBERRIO;Antioquia;PuertoBerRÌo;MagdalenaCauca;RiÛSanBartoloyotrosdirectosalMagdalenaMedio;4845256;2276452
23090090;13;(5-8);9;POZOSLOS;Antioquia;PuertoBerRÌo;MagdalenaCauca;DirectosalMagdalenaMedioentreRÌosNegro;4847099;2276447
23090100;32;(5-8);9;SANJUANBEDUTH;Antioquia;PuertoBerRÌo;MagdalenaCauca;RiÛSanBartoloyotrosdirectosalMagdalenaMedio;4839760;2287521
23090110;69;(5-8);9;MURILLO;Antioquia;PuertoBerRÌo;MagdalenaCauca;RiÛSanBartoloyotrosdirectosalMagdalenaMedio;4845810;2287841
23095010;72;(5-8);9;AEROPUERTOPUERTOBERRIO;Antioquia;PuertoBerRÌo;MagdalenaCauca;RiÛSanBartoloyotrosdirectosalMagdalenaMedio;4843894;2272587
23100030;98;(6-8);8;TIGREEL;Antioquia;VegachÌ;MagdalenaCauca;RiÛSanBartoloyotrosdirectosalMagdalenaMedio;4802752;2314226
23100040;87;(5-7);20;YOLOMBO;Antioquia;YolombÛ;MagdalenaCauca;RiÛSanBartoloyotrosdirectosalMagdalenaMedio;4777750;2287103
23100050;46;(6-8);8;BODEGALA;Antioquia;PuertoBerRÌo;MagdalenaCauca;RiÛSanBartoloyotrosdirectosalMagdalenaMedio;4844218;2300312
23100070;60;(5-8);9;RAMBLAS;Antioquia;YondÛ(Casabe);MagdalenaCauca;RiÛSanBartoloyotrosdirectosalMagdalenaMedio;4848524;2292224
23100080;29;(5-9);8;SANTACLARA;Antioquia;YondÛ(Casabe);MagdalenaCauca;RÌoCimitarrayotrosdirectosalMagdalena;4854512;2293006
23105020;4;(6-8);8;AMPAROEL;Antioquia;YondÛ(Casabe);MagdalenaCauca;RiÛSanBartoloyotrosdirectosalMagdalenaMedio;4845329;2302243
23105030;82;(6-8);8;VEGACHI;Antioquia;VegachÌ;MagdalenaCauca;RiÛSanBartoloyotrosdirectosalMagdalenaMedio;4801525;2306894
23110010;1;(4-8);6;PUERTOBOYACA;Boyac·;PuertoBoyac·;MagdalenaCauca;DirectosalMagdalenaMedioentreRÌosNegro;4822961;2215720
23110030;88;(4-8);6;PUERTONINO;Boyac·;PuertoBoyac·;MagdalenaCauca;DirectosalMagdalenaMedioentreRÌosNegro;4842681;2214287
23110040;87;(4-8);6;TRIQUEEL;Boyac·;PuertoBoyac·;MagdalenaCauca;DirectosalMagdalenaMedioentreRÌosNegro;4826443;2208070
23110060;68;(4-9);2;PADILLA;Santander;Cimitarra;MagdalenaCauca;DirectosalMagdalenaMedioentreRÌosNegro;4852570;2242567
23115010;73;(4-8);6;PUERTOBOYACA;Boyac·;PuertoBoyac·;MagdalenaCauca;DirectosalMagdalenaMedioentreRÌosNegro;4826659;2218841
23115020;11;(4-8);6;PADILLA;Santander;Cimitarra;MagdalenaCauca;DirectosalMagdalenaMedioentreRÌosNegro;4848854;2243283
23120010;83;(5-10);5;VERDELA;Santander;Cimitarra;MagdalenaCauca;RÌoCarare(Minero);4900541;2266656
23120050;94;(3-9);15;MUZO;Boyac·;Muzo;MagdalenaCauca;RÌoCarare(Minero);4878070;2169699
23120070;46;(5-9);8;PUERTOARAUJO;Santander;Cimitarra;MagdalenaCauca;RÌoCarare(Minero);4876586;2280058
23120080;12;(3-9);15;BORBUR1;Boyac·;SanPabloDeBorbur;MagdalenaCauca;RÌoCarare(Minero);4881920;2182422
23120090;10;(4-10);8;LANDAZURI;Santander;VÈlez;MagdalenaCauca;RÌoCarare(Minero);4909689;2244999
23120100;10;(3-9);15;ALBANIA;Santander;Albania;MagdalenaCauca;RÌoCarare(Minero);4898550;2197129
23120140;41;(3-9);15;PAUNA;Boyac·;Pauna;MagdalenaCauca;RÌoCarare(Minero);4891145;2182406
23120150;4;(3-9);15;MARIPI;Boyac·;MaripÌ;MagdalenaCauca;RÌoCarare(Minero);4887436;2171361
23120180;1;(5-9);8;CIMITARRA;Santander;Cimitarra;MagdalenaCauca;RÌoCarare(Minero);4894963;2256075
23120200;75;(5-9);8;PUERTOARAUJOALERTAS;Santander;Cimitarra;MagdalenaCauca;RÌoCarare(Minero);4880362;2280111
23120210;77;(3-9);15;COPER;Boyac·;Coper;MagdalenaCauca;RÌoCarare(Minero);4884183;2163041
23120220;78;(4-9);2;PRADERALA;Santander;Jes˙sMarÌa;MagdalenaCauca;RÌoCarare(Minero);4898934;2206798
23120240;98;(3-9);15;PAIME;Cundinamarca;Paime;MagdalenaCauca;RÌoCarare(Minero);4872120;2151649
23120250;87;(3-9);15;BORBUR2;Boyac·;SanPabloDeBorbur;MagdalenaCauca;RÌoCarare(Minero);4881692;2182383
23120260;10;(3-9);15;OTANCHE;Boyac·;Otanche;MagdalenaCauca;RÌoCarare(Minero);4868864;2183743
23125040;87;(5-9);8;CAMPOCAPOTE;Santander;PuertoParra;MagdalenaCauca;RÌoOpÛn;4898279;2289162
23125050;83;(5-9);8;CARARE;Santander;PuertoParra;MagdalenaCauca;RÌoCarare(Minero);4882723;2292877
23125060;84;(3-9);15;ALBANIA;Santander;Albania;MagdalenaCauca;RÌoCarare(Minero);4898914;2194366
23125070;55;(2-9);6;SANCAYETANO;Cundinamarca;SanCayetano;MagdalenaCauca;RÌoCarare(Minero);4881851;2143742
23125080;88;(3-9);15;OTANCHE;Boyac·;Otanche;MagdalenaCauca;RÌoCarare(Minero);4868864;2183743
23125090;54;(3-9);15;PAUNA;Boyac·;Pauna;MagdalenaCauca;RÌoCarare(Minero);4891401;2182347
23125100;96;(3-9);15;BUENAVISTA;Boyac·;Buenavista;MagdalenaCauca;RÌoCarare(Minero);4895575;2167471
23125110;4;(5-9);8;PORTUGALHACIENDA;Santander;Cimitarra;MagdalenaCauca;RÌoCarare(Minero);4883947;2276358
23125120;82;(5-9);8;CIMITARRA;Santander;Cimitarra;MagdalenaCauca;RÌoCarare(Minero);4894716;2255185
23125130;78;(4-10);8;LANDAZURI;Santander;Land·zuri;MagdalenaCauca;RÌoCarare(Minero);4910550;2245520
23125140;55;(3-9);15;Aerop.FuratenaAut;Boyac·;QuÌpama;MagdalenaCauca;RÌoCarare(Minero);4869076;2168172
23125150;41;(2-9);6;VILLAGOMEZ;Cundinamarca;VillagÛmez;MagdalenaCauca;RÌoCarare(Minero);4867431;2140646
23130010;99;(6-9);4;CHUCURI;Santander;Barrancabermeja;MagdalenaCauca;RÌoOpÛn;4886092;2318105
23140030;8;(5-10);5;CARMENEL;Santander;ElCarmen;MagdalenaCauca;RÌoOpÛn;4943656;2297968
23140060;8;(5-10);5;MELITOSALA;Santander;Simacota;MagdalenaCauca;RÌoOpÛn;4911604;2291042
23140070;69;(6-10);5;DOSBOCASHACIENDA;Santander;ElCarmen;MagdalenaCauca;RÌoOpÛn;4931912;2306331
23145020;84;(5-10);5;CARMENEL;Santander;ElCarmen;MagdalenaCauca;RÌoOpÛn;4943656;2297968
23147020;77;(6-9);4;PUENTEFERROCARRIL;Santander;Simacota;MagdalenaCauca;RÌoOpÛn;4896716;2306571
23155030;97;(6-10);5;AEROPUERTOYARIGUIES;Santander;Barrancabermeja;MagdalenaCauca;RÌoOpÛn;4910725;2334481
23155040;86;(6-10);5;CENTROEL;Santander;Barrancabermeja;MagdalenaCauca;RÌoOpÛn;4915502;2316036
23160010;88;(6-9);4;YONDO;Antioquia;YondÛ(Casabe);MagdalenaCauca;RÌoCimitarrayotrosdirectosalMagdalena;4895772;2341478
23170030;32;(7-9);5;YANACUE;BolÌvar;Cantagallo;MagdalenaCauca;RÌoCimitarrayotrosdirectosalMagdalena;4889659;2364762
23170050;21;(6-9);4;SANTODOMINGO;BolÌvar;Cantagallo;MagdalenaCauca;RÌoCimitarrayotrosdirectosalMagdalena;4865695;2344557
23170060;23;(7-9);5;MONTERRUBIOFINCA;BolÌvar;Cantagallo;MagdalenaCauca;RÌoCimitarrayotrosdirectosalMagdalena;4884150;2368458
23175020;93;(6-8);8;AEROPUERTOOTU;Antioquia;Remedios;MagdalenaCauca;RÌoCimitarrayotrosdirectosalMagdalena;4810485;2333133
23180020;98;(7-10);18;PUERTOWILCHES;Santander;PuertoWilches;MagdalenaCauca;RÌoLebrijayotrosdirectosalMagdalena;4901471;2370109
23180030;53;(7-10);18;CASANUEVA;Santander;SabanaDeTorres;MagdalenaCauca;RÌoLebrijayotrosdirectosalMagdalena;4939346;2390462
23180040;90;(7-10);18;PORVENIREL;Santander;SabanaDeTorres;MagdalenaCauca;RÌoLebrijayotrosdirectosalMagdalena;4946750;2381551
23180050;89;(7-10);18;ESTABLOEL;Santander;SabanaDeTorres;MagdalenaCauca;RÌoLebrijayotrosdirectosalMagdalena;4934048;2391359
23180060;55;(7-10);18;RETIRADALA;Santander;SabanaDeTorres;MagdalenaCauca;RÌoLebrijayotrosdirectosalMagdalena;4937506;2388622
23180070;96;(7-10);18;SABANADETORRES;Santander;SabanaDeTorres;MagdalenaCauca;RÌoLebrijayotrosdirectosalMagdalena;4946007;2374614
23180080;90;(7-10);18;ELOYVALENZUELA;Santander;SabanaDeTorres;MagdalenaCauca;RÌoLebrijayotrosdirectosalMagdalena;4925186;2385631
23180100;90;(8-10);4;SITIONUEVO;Santander;PuertoWilches;MagdalenaCauca;RÌoLebrijayotrosdirectosalMagdalena;4911735;2418133
23180110;89;(7-10);18;PATURIA;Santander;PuertoWilches;MagdalenaCauca;RÌoLebrijayotrosdirectosalMagdalena;4908999;2396342
23180120;88;(7-9);5;COQUERALA;Santander;PuertoWilches;MagdalenaCauca;RÌoLebrijayotrosdirectosalMagdalena;4898562;2356208
23185010;96;(7-10);18;VILLALEIVA;Santander;SabanaDeTorres;MagdalenaCauca;RÌoLebrijayotrosdirectosalMagdalena;4940745;2381926
23190110;84;(8-11);5;LIBANOEL;Cesar;SanAlberto;MagdalenaCauca;RÌoLebrijayotrosdirectosalMagdalena;4952828;2424121
23190120;4;(7-11);18;MATANZA;Santander;Matanza;MagdalenaCauca;RÌoLebrijayotrosdirectosalMagdalena;4996322;2372006
23190140;99;(7-11);18;PLAYONEL;Santander;ElPlayÛn;MagdalenaCauca;RÌoLebrijayotrosdirectosalMagdalena;4977787;2382847
23190210;61;(7-10);18;MAGARA;Santander;SabanaDeTorres;MagdalenaCauca;RÌoLebrijayotrosdirectosalMagdalena;4924867;2397113
23190240;11;(7-11);18;CNOSIETE;Santander;Rionegro;MagdalenaCauca;RÌoLebrijayotrosdirectosalMagdalena;4950359;2375715
23190250;15;(7-11);18;CAMPOHERMOSO;Santander;Rionegro;MagdalenaCauca;RÌoLebrijayotrosdirectosalMagdalena;4952202;2379396
23190260;94;(6-11);27;LAGUNALA;Santander;Lebrija;MagdalenaCauca;RÌoLebrijayotrosdirectosalMagdalena;4976419;2340303
23190270;7;(6-11);27;LIMONCITO;Santander;Floridablanca;MagdalenaCauca;RÌoLebrijayotrosdirectosalMagdalena;4988960;2337015
23190280;99;(6-11);27;PALOGORDO;Santander;GirÛn;MagdalenaCauca;RÌoLebrijayotrosdirectosalMagdalena;4985308;2327899
23190310;3;(7-11);18;SANIGNACIO;Santander;Rionegro;MagdalenaCauca;RÌoLebrijayotrosdirectosalMagdalena;4983447;2357275
23190320;55;(7-11);18;PROVINCIA;Santander;SabanaDeTorres;MagdalenaCauca;RÌoLebrijayotrosdirectosalMagdalena;4952014;2375989
23190330;3;(6-11);27;BUENAVISTA;Santander;Piedecuesta;MagdalenaCauca;RÌoLebrijayotrosdirectosalMagdalena;4994479;2331489
23190340;100;(7-11);18;MATAJIRA;Santander;Matanza;MagdalenaCauca;RÌoLebrijayotrosdirectosalMagdalena;4992857;2355063
23190350;99;(7-11);18;LLANODEPALMAS;Santander;Rionegro;MagdalenaCauca;RÌoLebrijayotrosdirectosalMagdalena;4978441;2358029
23190360;95;(7-11);18;PORTACHUELO;Santander;Rionegro;MagdalenaCauca;RÌoLebrijayotrosdirectosalMagdalena;4981795;2367743
23190370;0;(7-11);18;MATANZA;Santander;Matanza;MagdalenaCauca;RÌoLebrijayotrosdirectosalMagdalena;4996322;2372006
23190380;98;(7-11);18;PALMAS;Santander;Lebrija;MagdalenaCauca;RÌoLebrijayotrosdirectosalMagdalena;4975954;2354819
23190400;96;(6-11);27;GALVICIALA;Santander;Floridablanca;MagdalenaCauca;RÌoLebrijayotrosdirectosalMagdalena;4993683;2345240
23190410;4;(6-11);27;BRASILEL;Santander;Tona;MagdalenaCauca;RÌoLebrijayotrosdirectosalMagdalena;4998160;2348064
23190420;44;(7-10);18;NORMALA;Santander;SabanaDeTorres;MagdalenaCauca;RÌoLebrijayotrosdirectosalMagdalena;4937513;2394148
23190430;4;(6-11);27;PIEDECUESTA;Santander;Piedecuesta;MagdalenaCauca;RÌoLebrijayotrosdirectosalMagdalena;4994479;2329647
23190440;90;(7-11);18;NARANJOEL;Santander;Lebrija;MagdalenaCauca;RÌoLebrijayotrosdirectosalMagdalena;4966923;2354152
23190460;80;(7-10);18;PAPAYAL;Santander;Rionegro;MagdalenaCauca;RÌoLebrijayotrosdirectosalMagdalena;4928454;2399563
23190470;13;(7-10);18;PALMERASHACIENDA;Santander;Rionegro;MagdalenaCauca;RÌoLebrijayotrosdirectosalMagdalena;4941187;2392301
23190500;88;(8-11);5;SANALBERTO;Cesar;SanAlberto;MagdalenaCauca;RÌoLebrijayotrosdirectosalMagdalena;4957198;2415460
23190510;87;(7-11);18;CAOBOEL;NortedeSantander;LaEsperanza;MagdalenaCauca;RÌoLebrijayotrosdirectosalMagdalena;4963889;2397313
23190520;82;(8-11);5;DORADALA;Cesar;SanMartÌn;MagdalenaCauca;RÌoLebrijayotrosdirectosalMagdalena;4951561;2441528
23190530;40;(7-11);18;COOPERATIVALA;Santander;SabanaDeTorres;MagdalenaCauca;RÌoLebrijayotrosdirectosalMagdalena;4950365;2381240
23190540;82;(8-11);5;VEGALA;NortedeSantander;C·chira;MagdalenaCauca;RÌoLebrijayotrosdirectosalMagdalena;4980094;2403412
23190550;2;(8-10);4;SAMARKANDA;Santander;Rionegro;MagdalenaCauca;RÌoLebrijayotrosdirectosalMagdalena;4941207;2408878
23190560;85;(7-10);18;SANRAFAEL;Santander;SabanaDeTorres;MagdalenaCauca;RÌoLebrijayotrosdirectosalMagdalena;4938280;2395006
23190570;10;(7-11);18;TAMBORELHACIENDA;Santander;Rionegro;MagdalenaCauca;RÌoLebrijayotrosdirectosalMagdalena;4972416;2364647
23190580;75;(9-10);4;SANDANIELHACIENDA;Cesar;RÌoDeOro;MagdalenaCauca;RÌoLebrijayotrosdirectosalMagdalena;4931852;2451852
23190590;82;(6-11);27;FLORESTALA;Santander;Bucaramanga;MagdalenaCauca;RÌoLebrijayotrosdirectosalMagdalena;4986324;2341466
23190600;98;(6-11);27;PANTANOEL;Santander;GirÛn;MagdalenaCauca;RÌoLebrijayotrosdirectosalMagdalena;4974575;2331218
23190690;0;(6-12);2;MARIANALAHACIENDA;Santander;Tona;MagdalenaCauca;RÌoLebrijayotrosdirectosalMagdalena;5000000;2344380
23190700;98;(6-11);27;PIEDECUESTAGRANJA;Santander;Piedecuesta;MagdalenaCauca;RÌoLebrijayotrosdirectosalMagdalena;4992516;2330752
23190710;72;(8-10);4;BARRANCALEBRIJA;Cesar;Aguachica;MagdalenaCauca;RÌoLebrijayotrosdirectosalMagdalena;4920199;2443371
23190800;9;(6-11);27;HIMATR11;Santander;Bucaramanga;MagdalenaCauca;RÌoLebrijayotrosdirectosalMagdalena;4985282;2344382
23190830;47;(6-11);27;BUCARAMANGAIDEAM;Santander;Bucaramanga;MagdalenaCauca;RÌoLebrijayotrosdirectosalMagdalena;4986938;2345671
23195030;9;(6-11);27;AEROPUERTOGOMEZNINO;Santander;Bucaramanga;MagdalenaCauca;RÌoLebrijayotrosdirectosalMagdalena;4985283;2346224
23195040;62;(6-11);27;UNIVERSIDADINDUSTRIALSANTANDER;Santander;Bucaramanga;MagdalenaCauca;RÌoLebrijayotrosdirectosalMagdalena;4986510;2347482
23195050;3;(6-11);27;VIVEROCHIMITA;Santander;Bucaramanga;MagdalenaCauca;RÌoLebrijayotrosdirectosalMagdalena;4983443;2344383
23195060;11;(6-12);2;MARIANALA;Santander;Tona;MagdalenaCauca;RÌoLebrijayotrosdirectosalMagdalena;5000000;2344380
23195070;0;(7-10);18;MAGARA;Santander;Rionegro;MagdalenaCauca;RÌoLebrijayotrosdirectosalMagdalena;4935680;2397834
23195080;12;(7-11);18;URBINALA;Santander;Lebrija;MagdalenaCauca;RÌoLebrijayotrosdirectosalMagdalena;4961392;2377547
23195110;89;(6-11);27;LlanoGrandeAut;Santander;GirÛn;MagdalenaCauca;RÌoLebrijayotrosdirectosalMagdalena;4981538;2334316
23195120;1;(7-11);18;SABANADETORRES;Santander;SabanaDeTorres;MagdalenaCauca;RÌoLebrijayotrosdirectosalMagdalena;4955875;2375709
23195140;24;(8-10);4;LLANALA;Cesar;SanAlberto;MagdalenaCauca;RÌoLebrijayotrosdirectosalMagdalena;4941212;2412561
23195170;32;(7-11);18;PROVINCIA;Santander;SabanaDeTorres;MagdalenaCauca;RÌoLebrijayotrosdirectosalMagdalena;4952014;2375989
23195190;1;(6-11);27;SANANTONIOSANTANDER;Santander;Floridablanca;MagdalenaCauca;RÌoLebrijayotrosdirectosalMagdalena;4992693;2342487
23195502;87;(6-11);27;AEROPUERTOPALONEGRO;Santander;Lebrija;MagdalenaCauca;RÌoLebrijayotrosdirectosalMagdalena;4979632;2344915
23197190;3;(6-11);27;PIEDECUESTA;Santander;Piedecuesta;MagdalenaCauca;RÌoLebrijayotrosdirectosalMagdalena;4996319;2329647
23200010;89;(8-9);5;SIMITI;BolÌvar;SimitÌ;MagdalenaCauca;DirectosalMagdalena(BrazoMorales);4895276;2437724
23200020;9;(8-9);5;LosCanelos;BolÌvar;SantaRosaDelSur;MagdalenaCauca;DirectosalMagdalena(BrazoMorales);4871435;2427438
23200060;78;(8-9);5;SANTODOMINGO;BolÌvar;SanPablo;MagdalenaCauca;DirectosalMagdalena(BrazoMorales);4896153;2405701
23200070;28;(7-9);5;TIERRABUENAFINCA;BolÌvar;SanPablo;MagdalenaCauca;DirectosalMagdalena(BrazoMorales);4869491;2388758
23205020;84;(7-9);5;COLCOOPERATIVO;BolÌvar;SanPablo;MagdalenaCauca;DirectosalMagdalena(BrazoMorales);4897914;2384085
23205030;86;(8-9);5;SANTAROSADSIMITI;BolÌvar;SantaRosaDelSur;MagdalenaCauca;DirectosalMagdalena(BrazoMorales);4883311;2438305
23205040;32;(9-10);4;MORALESLaCruz;BolÌvar;Morales;MagdalenaCauca;DirectosalMagdalena(BrazoMorales);4904595;2473408
23205050;70;(8-9);5;CANELOSAut;BolÌvar;SantaRosaDelSur;MagdalenaCauca;DirectosalMagdalena(BrazoMorales);4863252;2429534
23210010;100;(9-10);4;PUERTOMOSQUITO;Cesar;Gamarra;MagdalenaCauca;QuebradaElCarmenyOtrosDirectosalMagdalena;4916837;2462515
23210160;79;(9-10);4;GAMARRA;Cesar;Gamarra;MagdalenaCauca;QuebradaElCarmenyOtrosDirectosalMagdalena;4918793;2478168
24010150;93;(3-10);3;SIMIJACA;Cundinamarca;Simijaca;MagdalenaCauca;RÌoSu·rez;4904368;2167058
24010210;98;(4-10);8;JESUSMARIA;Santander;Jes˙sMarÌa;MagdalenaCauca;RÌoSu·rez;4913505;2207052
24010220;10;(5-11);13;CHIMA;Santander;Chima;MagdalenaCauca;RÌoSu·rez;4959279;2260230
24010610;71;(2-9);6;CARMENDECARUPA;Cundinamarca;CarmenDeCarupa;MagdalenaCauca;RÌoSu·rez;4899826;2149380
24010640;87;(4-10);8;BOLIVAR;Santander;Bolivar;MagdalenaCauca;RÌoSu·rez;4914721;2219513
24010660;90;(5-11);13;SIMACOTA;Santander;Simacota;MagdalenaCauca;RÌoSu·rez;4963094;2270019
24010670;88;(4-10);8;SUCRE;Santander;Sucre;MagdalenaCauca;RÌoSu·rez;4911883;2212181
24010740;37;(5-11);13;RODEOELHACIENDA;Santander;Chima;MagdalenaCauca;RÌoSu·rez;4959465;2261519
24010750;82;(4-10);8;MIRAVALLES;Boyac·;Moniquir·;MagdalenaCauca;RÌoSu·rez;4932600;2212830
24010780;10;(5-11);13;SOCORRO;Santander;Socorro;MagdalenaCauca;RÌoSu·rez;4970523;2268879
24010820;75;(4-10);8;GUAVATA;Santander;Guavat·;MagdalenaCauca;RÌoSu·rez;4922278;2216771
24011010;2;(3-10);3;SIMIJACA;Cundinamarca;Simijaca;MagdalenaCauca;RÌoSu·rez;4905901;2178699
24011070;70;(5-10);5;SANTUARIOEL;Santander;ElGuacamayo;MagdalenaCauca;RÌoSu·rez;4948344;2256770
24015250;89;(4-11);1;LAJALA;Santander;Guadalupe;MagdalenaCauca;RÌoSu·rez;4954067;2247213
24015260;89;(5-11);13;CHIMA;Santander;Chima;MagdalenaCauca;RÌoSu·rez;4959279;2260230
24015270;94;(4-10);8;VELEZGRANJA;Santander;VÈlez;MagdalenaCauca;RÌoSu·rez;4925571;2220727
24015360;89;(3-10);3;SABOYALAGRANJA;Boyac·;Saboy·;MagdalenaCauca;RÌoSu·rez;4915987;2187477
24015370;6;(5-11);13;HACIENDAMAJAVITAUL;Santander;Socorro;MagdalenaCauca;RÌoSu·rez;4972524;2273129
24015380;17;(2-10);1;CARMENDECARUPAAut;Cundinamarca;CarmenDeCarupa;MagdalenaCauca;RÌoSu·rez;4900505;2148931
24020150;61;(5-11);13;MAMONALELHACIENDA;Santander;SanGil;MagdalenaCauca;RÌoFonce;4988268;2284711
24025020;94;(5-11);13;CUCHAROEL;Santander;Pinchote;MagdalenaCauca;RÌoFonce;4977989;2279803
24040050;92;(5-11);13;SANTAISABEL;Santander;Barichara;MagdalenaCauca;RÌoSu·rez;4977595;2292203
24040060;80;(5-11);13;REMOLINO;Santander;Cabrera;MagdalenaCauca;RÌoSu·rez;4969490;2287971
24050060;100;(6-11);27;SANVICENTE;Santander;SanVicenteDeChucurÌ;MagdalenaCauca;RÌoSogamoso;4954628;2317449
24050070;90;(6-10);5;PUTANALA;Santander;SanVicenteDeChucurÌ;MagdalenaCauca;RÌoSogamoso;4942542;2345573
24050080;20;(5-11);13;PALMAREL;Santander;Palmar;MagdalenaCauca;RÌoSu·rez;4968688;2281772
24050100;91;(5-11);13;FUENTELA;Santander;Zapatoca;MagdalenaCauca;RÌoSu·rez;4969079;2299148
24050110;90;(6-10);5;ALBANIA;Santander;SanVicenteDeChucurÌ;MagdalenaCauca;RÌoSogamoso;4930183;2321804
24055030;88;(6-11);27;ZAPATOCA;Santander;Zapatoca;MagdalenaCauca;RÌoSogamoso;4968768;2308599
24055040;69;(5-11);13;PALMAREL;Santander;Palmar;MagdalenaCauca;RÌoSu·rez;4967731;2281741
24060010;0;(6-11);27;PARROQUIALA;Santander;GirÛn;MagdalenaCauca;RÌoSogamoso;4963816;2339942
24060040;87;(7-10);18;AGUASCLARAS;Santander;SabanaDeTorres;MagdalenaCauca;RÌoSogamoso;4939524;2360716
24060050;92;(6-11);27;MESALA;Santander;LosSantos;MagdalenaCauca;RÌoSogamoso;4989751;2304877
24060060;60;(6-11);27;PUENTELAPAZ;Santander;GirÛn;MagdalenaCauca;RÌoSogamoso;4953700;2343511
24060070;78;(6-11);27;PARROQUIALA;Santander;GirÛn;MagdalenaCauca;RÌoSogamoso;4963816;2339942
24060080;70;(7-10);18;PAYOA5;Santander;SabanaDeTorres;MagdalenaCauca;RÌoSogamoso;4945839;2361384
24065010;83;(7-10);18;BRISASLASHACIENDA;Santander;PuertoWilches;MagdalenaCauca;RÌoSogamoso;4912822;2358760
24065020;10;(6-11);27;ESPERANZALAHACIENDA;Santander;GirÛn;MagdalenaCauca;RÌoSogamoso;4966882;2338866
24065030;26;(6-11);27;TRIGUEROSHACIENDA;Santander;GirÛn;MagdalenaCauca;RÌoSogamoso;4960474;2339975
25010010;59;(8-6);10;PUERTOLIBERTADOR;CÛrdoba;PuertoLibertador;MagdalenaCauca;CaucaAltoSanJorge;4704601;2430817
25010060;79;(8-6);10;URE;CÛrdoba;SanJoseDeUre;MagdalenaCauca;CaucaAltoSanJorge;4723436;2428583
25010080;86;(8-6);10;PicaPicaAut;CÛrdoba;MontelÌbano;MagdalenaCauca;CaucaAltoSanJorge;4704701;2446274
25010090;4;(8-6);10;MONTELIBANO;CÛrdoba;MontelÌbano;MagdalenaCauca;CaucaAltoSanJorge;4726387;2446506
25010100;87;(9-5);10;SANFRANCISCO;CÛrdoba;MontelÌbano;Caribe;MedioSin˙;4695954;2457303
25010110;68;(8-6);10;ACACIASLASHACIENDA;CÛrdoba;PuertoLibertador;MagdalenaCauca;CaucaAltoSanJorge;4708298;2443607
25015010;82;(9-6);6;CENTROALEGRE;CÛrdoba;PlanetaRica;MagdalenaCauca;CaucaSanJorgeLaMojana;4710071;2462919
25020030;97;(10-8);14;GUACAMAYO;BolÌvar;AchÌ;MagdalenaCauca;CaucaSanJorgeLaMojana;4833711;2522691
25020140;98;(10-6);13;SAHAGUNAut;CÛrdoba;Sahag˙n;Caribe;BajoSin˙;4730702;2547873
25020160;8;(10-7);9;SANMARCOS;Sucre;SanMarcos;MagdalenaCauca;CaucaSanJorgeLaMojana;4765327;2512638
25020310;1;(9-7);4;NECHI;Antioquia;NechÌ;MagdalenaCauca;CaucaSanJorgeLaMojana;4798065;2453499
25020330;87;(9-8);16;CAIMITAL;BolÌvar;SanJacintoDelCauca;MagdalenaCauca;CaucaSanJorgeLaMojana;4827285;2482826
25020340;0;(10-8);14;MAJAGUAL;Sucre;Majagual;MagdalenaCauca;CaucaSanJorgeLaMojana;4818463;2501319
25020350;97;(9-8);16;GUARANDA;BolÌvar;AchÌ;MagdalenaCauca;CaucaSanJorgeLaMojana;4830368;2496786
25020370;83;(8-7);11;MONEDALAHACIENDA;Antioquia;Caucasia;MagdalenaCauca;DirectosalCaucaentrePtoValdiviayRÌoNechÌ;4786033;2446552
25020380;10;(10-8);14;PINILLOS;BolÌvar;Pinillos;MagdalenaCauca;DirectosBajoMagdalenaentreElBancoyElPlato;4839778;2543026
25020410;95;(9-8);16;CANDELARIALA;BolÌvar;SanJacintoDelCauca;MagdalenaCauca;CaucaSanJorgeLaMojana;4809644;2466654
25020420;64;(9-8);16;VARASLAS;BolÌvar;SanJacintoDelCauca;MagdalenaCauca;CaucaSanJorgeLaMojana;4828304;2485432
25020450;13;(9-8);16;SANPEDROAut;Sucre;SanPedro;MagdalenaCauca;CaucaSanJorgeLaMojana;4842212;2475430
25020480;94;(9-7);4;PAJAROSLOS;CÛrdoba;Ayapel;MagdalenaCauca;CaucaSanJorgeLaMojana;4794394;2480113
25020490;5;(10-7);9;SANBENITOAVILLA;Sucre;SanBenitoAbad;MagdalenaCauca;CaucaSanJorgeLaMojana;4776511;2545752
25020500;97;(10-8);14;VILLACECILIAHACIENDA;Sucre;Sucre;MagdalenaCauca;CaucaSanJorgeLaMojana;4809863;2532621
25020510;34;(9-8);16;ALPESLOS;BolÌvar;SanJacintoDelCauca;MagdalenaCauca;CaucaSanJorgeLaMojana;4829417;2488376
25020520;88;(9-6);6;BuenavistaAut;CÛrdoba;Buenavista;MagdalenaCauca;CaucaSanJorgeLaMojana;4728260;2467388
25020530;94;(8-7);11;LAILUSION;Antioquia;Caucasia;MagdalenaCauca;CaucaSanJorgeLaMojana;4769768;2445397
25020540;77;(8-8);7;PATIOBONITO;Antioquia;NechÌ;MagdalenaCauca;BajoNechÌ(md);4812050;2445822
25020570;29;(10-7);9;PALITO;Sucre;SanBenitoAbad;MagdalenaCauca;CaucaSanJorgeLaMojana;4776522;2547595
25020600;65;(9-6);6;SajoniaHdaAut;CÛrdoba;PuebloNuevo;MagdalenaCauca;CaucaSanJorgeLaMojana;4713701;2497072
25020700;90;(8-6);10;APARTADALA;CÛrdoba;LaApartada;MagdalenaCauca;CaucaSanJorgeLaMojana;4742354;2448593
25020710;90;(9-6);6;CINTURA;CÛrdoba;PuebloNuevo;MagdalenaCauca;CaucaSanJorgeLaMojana;4749719;2489134
25020720;87;(10-6);13;JOBOELTABLON;CÛrdoba;Sahag˙n;MagdalenaCauca;CaucaSanJorgeLaMojana;4737784;2513231
25020740;83;(10-7);9;EUREKAHACIENDA;Sucre;SanMarcos;MagdalenaCauca;CaucaSanJorgeLaMojana;4778377;2512106
25020760;89;(11-7);1;SANTIAGOAPOSTOL;Sucre;SanBenitoAbad;MagdalenaCauca;CaucaSanJorgeLaMojana;4786754;2553590
25020780;84;(9-7);4;CECILIA;CÛrdoba;Ayapel;MagdalenaCauca;CaucaSanJorgeLaMojana;4776140;2493565
25020790;87;(10-8);14;PALMARITO;Sucre;Majagual;MagdalenaCauca;CaucaSanJorgeLaMojana;4811097;2521866
25020800;81;(10-8);14;BUENAVISTA;BolÌvar;AchÌ;MagdalenaCauca;DirectosBajoCaucaCgaLaRayaentreRÌoNechÌ;4831717;2505656
25020810;91;(9-8);16;ASTILLEROS;BolÌvar;SanJacintoDelCauca;MagdalenaCauca;CaucaSanJorgeLaMojana;4823227;2474545
25020820;87;(10-8);14;ZAPATA;Sucre;Majagual;MagdalenaCauca;CaucaSanJorgeLaMojana;4813025;2509020
25020850;29;(9-8);16;REGENCIA;BolÌvar;Montecristo;MagdalenaCauca;CaucaSanJorgeLaMojana;4818279;2457098
25020940;90;(9-8);16;VILLANUEVA;Sucre;Guaranda;MagdalenaCauca;CaucaSanJorgeLaMojana;4808949;2479187
25020950;87;(11-8);2;SANANTONIOALERTA;BolÌvar;MaganguÈ;MagdalenaCauca;CaucaSanJorgeLaMojana;4805521;2557396
25020970;86;(9-9);3;ARENAL;BolÌvar;Arenal;MagdalenaCauca;DirectosalMagdalena(BrazoMorales);4896446;2492891
25020980;91;(10-7);9;CAIMITO;Sucre;Caimito;MagdalenaCauca;CaucaSanJorgeLaMojana;4766403;2530050
25021110;30;(9-9);3;DIAMANTEEL;BolÌvar;Arenal;MagdalenaCauca;DirectosalMagdalena(BrazoMorales);4880767;2482677
25021120;21;(9-9);3;SERRANIASANLUCAS;BolÌvar;Montecristo;MagdalenaCauca;DirectosalMagdalena(BrazoMorales);4851388;2475398
25021210;89;(10-6);13;TREMENTINO;CÛrdoba;Sahag˙n;MagdalenaCauca;CaucaSanJorgeLaMojana;4728407;2533509
25021280;76;(10-8);14;COYONGAL;BolÌvar;Pinillos;MagdalenaCauca;DirectosBajoMagdalenaentreElBancoyElPlato;4834064;2549529
25021320;83;(10-9);3;ELSUDAN;BolÌvar;Tiquisio(PuertoRico);MagdalenaCauca;CaucaSanJorgeDirectosBajoCaucaCgaLaRayaRÌoNechÌ;4866918;2512930
25021360;90;(10-8);14;CAMPOALEGRE;Sucre;Sucre;MagdalenaCauca;CaucaSanJorgeLaMojana;4811843;2544620
25021370;85;(10-8);14;SANLUIS;Sucre;Sucre;MagdalenaCauca;CaucaSanJorgeLaMojana;4812248;2539858
25021390;65;(8-7);11;CAUCASIA;Antioquia;Caucasia;MagdalenaCauca;CaucaSanJorgeLaMojana;4757601;2442641
25021470;66;(10-7);9;HdaElTorno;Sucre;SanMarcos;MagdalenaCauca;CaucaSanJorgeLaMojana;4770092;2506315
25021480;82;(8-8);7;ESPERANZALARADIO;Antioquia;NechÌ;MagdalenaCauca;DirectosalBajoNechÌ(mi);4802805;2445739
25021530;1;(9-8);16;TALADROEL;BolÌvar;SanJacintoDelCauca;MagdalenaCauca;CaucaSanJorgeLaMojana;4809162;2471877
25021550;8;(9-6);6;PLANETARICA;CÛrdoba;PlanetaRica;MagdalenaCauca;CaucaSanJorgeLaMojana;4717472;2488965
25021560;87;(10-8);14;ISLADELCOCO;Sucre;Sucre;MagdalenaCauca;CaucaSanJorgeLaMojana;4802302;2542239
25021570;5;(10-7);9;FLORIDALA;Sucre;Majagual;MagdalenaCauca;CaucaSanJorgeLaMojana;4761669;2514502
25021660;53;(10-7);9;MIRASOL;Sucre;SanMarcos;MagdalenaCauca;CaucaSanJorgeLaMojana;4751671;2509122
25025030;90;(9-7);4;AyapelAut;CÛrdoba;Ayapel;MagdalenaCauca;CaucaSanJorgeLaMojana;4761683;2475250
25025040;32;(10-7);9;AEROPUERTOLAFLORIDA;Sucre;SanMarcos;MagdalenaCauca;CaucaSanJorgeLaMojana;4759866;2520042
25025130;1;(9-8);16;VICTORIALA;BolÌvar;AchÌ;MagdalenaCauca;CaucaSanJorgeLaMojana;4809194;2479247
25025140;32;(9-8);16;NECHI;Antioquia;NechÌ;MagdalenaCauca;BajoNechÌ(md);4805410;2453467
25025160;85;(8-6);10;CUBAHACIENDA;CÛrdoba;MontelÌbano;MagdalenaCauca;CaucaSanJorgeLaMojana;4735249;2443196
25025170;85;(10-6);13;COLOMBOY;CÛrdoba;Sahag˙n;MagdalenaCauca;CaucaSanJorgeLaMojana;4725176;2524776
25025190;77;(9-6);6;PlanetaRicaAut;CÛrdoba;PlanetaRica;MagdalenaCauca;CaucaSanJorgeLaMojana;4715580;2487060
25025200;1;(9-8);16;TALADROEL;BolÌvar;SanJacintoDelCauca;MagdalenaCauca;CaucaSanJorgeLaMojana;4809162;2471877
25025210;84;(10-8);14;PINILLOS;BolÌvar;Pinillos;MagdalenaCauca;DirectosBajoMagdalenaentreElBancoyElPlato;4839778;2543026
25025220;44;(10-9);3;NOROSI;BolÌvar;RÌoviejo;MagdalenaCauca;DirectosalMagdalena(BrazoMorales);4884486;2501088
25025230;50;(9-8);16;MONTECRISANTO;BolÌvar;Montecristo;MagdalenaCauca;CaucaSanJorgeLaMojana;4836707;2475451
25025240;78;(10-8);14;MAJAGUAL;Sucre;Majagual;MagdalenaCauca;CaucaSanJorgeLaMojana;4820962;2502343
25027110;0;(10-8);14;SUCRE;Sucre;Sucre;MagdalenaCauca;CaucaSanJorgeLaMojana;4810654;2531911
25027530;84;(11-8);2;BARBOSA;BolÌvar;MaganguÈ;MagdalenaCauca;CaucaSanJorgeLaMojana;4820167;2555393
25027630;87;(10-9);3;RIONUEVO;BolÌvar;BarrancoDeLoba;MagdalenaCauca;DirectosBajoMagdalenaentreElBancoyElPlato;4862092;2531706
25027910;81;(9-8);16;LARAYA;BolÌvar;SanJacintoDelCauca;MagdalenaCauca;CaucaSanJorgeLaMojana;4828150;2480409
26100300;96;(1-5);14;OBANDO;ValledelCauca;Obando;MagdalenaCauca;RiosLasCaÌ¬±asLosMicosyObando;4671013;2065718
26100830;77;(1-5);14;PALMASOLA;ValledelCauca;Cartago;MagdalenaCauca;RiosLasCaÌ¬±asLosMicosyObando;4671522;2076759
26110070;58;(1-5);14;SANANTONIO;ValledelCauca;Toro;MagdalenaCauca;RiosPescadorRUTChancoCatarinayCa√±averal;4659831;2068870
26110120;94;(2-5);17;VILLANUEVA;ValledelCauca;ElÌ¬Åguila;MagdalenaCauca;RiosPescadorRUTChancoCatarinayCa√±averal;4663129;2108072
26110150;91;(1-5);14;LaInmaculada;ValledelCauca;Ansermanuevo;MagdalenaCauca;RiosPescadorRUTChancoCatarinayCa√±averal;4668425;2088011
26110160;93;(1-5);14;SANFRANCISCO;ValledelCauca;Toro;MagdalenaCauca;RiosPescadorRUTChancoCatarinayCa√±averal;4663299;2076400
26110300;78;(1-5);14;CEROS;ValledelCauca;Toro;MagdalenaCauca;RiosPescadorRUTChancoCatarinayCa√±averal;4663408;2068823
26115090;83;(1-5);14;LasBrisasAut;ValledelCauca;Ansermanuevo;Pacifico;RÌoSipÌ;4651292;2086493
26120150;93;(1-5);14;ALCALA;ValledelCauca;Alcal·;MagdalenaCauca;RÌoLaVieja;4690981;2075357
26120160;82;(1-6);24;SALENTO;QuindÌo;Salento;MagdalenaCauca;RÌoLaVieja;4715064;2070820
26130020;95;(1-6);24;TERMALES;Risaralda;SantaRosaDeCabal;MagdalenaCauca;RÌoOt˙nyotrosdirectosalCauca;4716382;2093808
26130170;97;(1-6);24;POTREROS;Risaralda;SantaRosaDeCabal;MagdalenaCauca;RÌoOt˙nyotrosdirectosalCauca;4716399;2098386
26130180;97;(1-5);14;SANISIDRO;Risaralda;Pereira;MagdalenaCauca;RÌoLaVieja;4683043;2089163
26130190;17;(1-6);24;BOQUERON;Risaralda;SantaRosaDeCabal;MagdalenaCauca;RÌoOt˙nyotrosdirectosalCauca;4704327;2092657
26130200;91;(2-5);17;RECUERDOEL;Risaralda;Marsella;MagdalenaCauca;RÌoOt˙nyotrosdirectosalCauca;4696063;2106969
26130220;81;(1-5);14;MARACAY;Risaralda;Pereira;MagdalenaCauca;RÌoOt˙nyotrosdirectosalCauca;4684744;2090394
26130270;4;(2-5);17;MarsellaIta;Risaralda;Marsella;MagdalenaCauca;RÌoOt˙nyotrosdirectosalCauca;4695125;2103755
26130540;52;(1-6);24;PLAYARICA;Risaralda;SantaRosaDeCabal;MagdalenaCauca;RÌoOt˙nyotrosdirectosalCauca;4712003;2084153
26130550;5;(1-6);24;BRISASLASHACIENDA;Risaralda;SantaRosaDeCabal;MagdalenaCauca;RÌoOt˙nyotrosdirectosalCauca;4720929;2081533
26130560;52;(1-6);24;PEZFRESCO;Risaralda;SantaRosaDeCabal;MagdalenaCauca;RÌoOt˙nyotrosdirectosalCauca;4714394;2081490
26130570;30;(1-6);24;NUEVOLIBARE;Risaralda;Pereira;MagdalenaCauca;RÌoOt˙nyotrosdirectosalCauca;4706616;2086976
26135040;98;(1-5);14;AEROPUERTOMATECANA;Risaralda;Pereira;MagdalenaCauca;RÌoOt˙nyotrosdirectosalCauca;4696490;2090755
26135080;3;(1-6);24;UNIVPEREIRAUTP;Risaralda;Pereira;MagdalenaCauca;RÌoLaVieja;4700614;2088984
26135090;26;(2-5);17;JARDINBOTANICO;Risaralda;Marsella;MagdalenaCauca;RÌoOt˙nyotrosdirectosalCauca;4696974;2103748
26135100;89;(1-5);14;BOHEMIALA;Risaralda;Pereira;MagdalenaCauca;RÌoOt˙nyotrosdirectosalCauca;4680946;2097697
26135110;63;(1-6);24;VERACRUZ;Risaralda;SantaRosaDeCabal;MagdalenaCauca;RÌoOt˙nyotrosdirectosalCauca;4708653;2096434
26135120;14;(2-5);17;MarsellaIta;Risaralda;Marsella;MagdalenaCauca;RÌoOt˙nyotrosdirectosalCauca;4695125;2103755
26135140;38;(1-6);24;LAGUNALA;Risaralda;Pereira;MagdalenaCauca;RÌoOt˙nyotrosdirectosalCauca;4732503;2086257
26135150;2;(1-6);24;MIRANDALA;Risaralda;SantaRosaDeCabal;MagdalenaCauca;RÌoOt˙nyotrosdirectosalCauca;4717278;2094450
26135160;57;(1-6);24;SANREMO;Risaralda;SantaRosaDeCabal;MagdalenaCauca;RÌoOt˙nyotrosdirectosalCauca;4713949;2093541
26135170;3;(1-6);24;ElBoquerÛn;Risaralda;SantaRosaDeCabal;MagdalenaCauca;RÌoOt˙nyotrosdirectosalCauca;4735742;2087010
26135230;0;(1-6);24;PICOPARAMOSANTAR;Risaralda;SantaRosaDeCabal;MagdalenaCauca;RÌoOt˙nyotrosdirectosalCauca;4728346;2087036
26135330;0;(1-6);24;LaLagunadelOtunAut;Risaralda;Pereira;MagdalenaCauca;RÌoOt˙nyotrosdirectosalCauca;4732503;2086251
26140080;57;(2-5);17;TAIJARAALEJANDRIA;Risaralda;Gu·tica;MagdalenaCauca;RÌoRisaralda;4686880;2142231
26140090;96;(2-5);17;TAPARCAL;Risaralda;BelÈnDeUmbrÌa;MagdalenaCauca;RÌoRisaralda;4682726;2129665
26140110;84;(2-5);17;SANCLEMENTE;Risaralda;Gu·tica;MagdalenaCauca;RÌoRisaralda;4691131;2146311
26140120;96;(2-5);17;MISTRATO;Risaralda;MistratÛ;MagdalenaCauca;RÌoRisaralda;4681687;2143742
26140180;79;(1-5);14;LaVirginiaAlerta;Risaralda;LaVirginia;MagdalenaCauca;RÌoOt˙nyotrosdirectosalCauca;4680374;2099300
26140330;5;(2-5);17;VIRGINIALA;Risaralda;LaVirginia;MagdalenaCauca;RÌoRisaralda;4680316;2100130
26145010;5;(2-5);17;CECILIALA;Caldas;Viterbo;MagdalenaCauca;RÌoRisaralda;4680396;2118569
26145020;78;(2-5);17;BELLAVISTA;Caldas;Anserma;MagdalenaCauca;RÌoRisaralda;4689727;2141680
26145030;84;(2-5);17;CAMELIALA;Risaralda;Santuario;MagdalenaCauca;RÌoRisaralda;4670788;2120088
26145050;35;(2-5);17;SAMARIALA;Caldas;Viterbo;MagdalenaCauca;RÌoRisaralda;4680388;2116725
26150060;96;(2-6);13;ARAUCA;Caldas;Palestina;MagdalenaCauca;RÌoOt˙nyotrosdirectosalCauca;4700568;2123113
26150150;94;(2-6);13;PAPAYAL;Caldas;Villamaria;MagdalenaCauca;RÌoChinchin·;4724007;2105669
26150160;95;(2-6);13;LAESPERANZA;Caldas;Manizales;MagdalenaCauca;RÌoChinchin·;4738804;2112933
26155110;97;(2-6);13;AEROPUERTOLANUBIA;Caldas;Manizales;MagdalenaCauca;RÌoChinchin·;4726236;2114300
26155120;26;(2-6);13;AEROPUERTOSANTAGUEDA;Caldas;Palestina;MagdalenaCauca;RÌoChinchin·;4702590;2120317
26155150;63;(2-6);13;LasBrisasAut;Caldas;Villamaria;MagdalenaCauca;RÌoGualÌ;4739455;2103718
26155170;43;(2-6);13;TesoritoFincaAut;Caldas;Manizales;MagdalenaCauca;RÌoChinchin·;4729740;2114557
26160080;97;(3-6);20;SALAMINACONCBARC;Caldas;Salamina;MagdalenaCauca;RioTapiasyotrosdirectosalCauca;4724246;2154750
26160090;95;(3-6);20;PACORAPLAZAFERIA;Caldas;P·cora;MagdalenaCauca;RioTapiasyotrosdirectosalCauca;4728096;2168781
26160100;91;(2-6);13;NEIRA;Caldas;Neira;MagdalenaCauca;RioTapiasyotrosdirectosalCauca;4720912;2129073
26160120;92;(2-6);13;CRISTALINALA;Caldas;Neira;MagdalenaCauca;RioTapiasyotrosdirectosalCauca;4730091;2132248
26160160;99;(3-6);20;MARIALA;Caldas;Aguadas;MagdalenaCauca;RÌoFRÌoyOtrosDirectosalCauca;4714561;2176034
26170150;98;(3-5);11;PUEBLORRICO;Antioquia;Pueblorrico;MagdalenaCauca;RÌoFRÌoyOtrosDirectosalCauca;4685712;2198686
26170160;15;(3-5);11;NACIONALLAGRANJA;Antioquia;T·mesis;MagdalenaCauca;RÌoFRÌoyOtrosDirectosalCauca;4699205;2190391
26170170;33;(3-6);20;PRADERALA;Antioquia;Caramanta;MagdalenaCauca;RÌoFRÌoyOtrosDirectosalCauca;4704653;2170086
26170180;90;(3-6);20;CARAMANTA;Antioquia;Caramanta;MagdalenaCauca;RÌoFRÌoyOtrosDirectosalCauca;4707471;2171677
26170190;96;(4-5);12;DIQUEEL;Antioquia;JericÛ;MagdalenaCauca;RÌoFRÌoyOtrosDirectosalCauca;4698482;2200040
26170250;29;(2-6);13;IRRA;Risaralda;QuinchÌa;MagdalenaCauca;RioTapiasyotrosdirectosalCauca;4704523;2140589
26170260;80;(2-6);13;GUERRERITO;Risaralda;QuinchÌa;MagdalenaCauca;RÌoFRÌoyOtrosDirectosalCauca;4704718;2142180
26170270;18;(2-5);17;MARGARITALA;Caldas;Risaralda;MagdalenaCauca;RÌoFRÌoyOtrosDirectosalCauca;4698916;2125864
26170290;68;(3-5);11;RIOSUCIO;Caldas;Riosucio;MagdalenaCauca;RÌoFRÌoyOtrosDirectosalCauca;4697551;2158110
26170350;2;(3-6);20;FLECHALA;Caldas;Marmato;MagdalenaCauca;RÌoFRÌoyOtrosDirectosalCauca;4710162;2162687
26175010;2;(3-6);20;RIOSUCIO;Caldas;Riosucio;MagdalenaCauca;RÌoFRÌoyOtrosDirectosalCauca;4700908;2159041
26175020;14;(3-5);11;Inst.LosFundadores;Caldas;Riosucio;MagdalenaCauca;RÌoFRÌoyOtrosDirectosalCauca;4699061;2159049
26175030;83;(3-6);20;NACIONALGRANJALA;Antioquia;T·mesis;MagdalenaCauca;RÌoFRÌoyOtrosDirectosalCauca;4702059;2190452
26175040;76;(3-6);20;TUNEZHACIENDA;Antioquia;Fredonia;MagdalenaCauca;DirectosRÌoCaucaentreRÌoSanJuanyPtoValdivia;4706527;2199603
26175050;8;(3-6);20;RIOSUCIO;Caldas;Riosucio;MagdalenaCauca;RÌoFRÌoyOtrosDirectosalCauca;4700908;2159041
26180130;2;(3-6);20;PINTADALA;Caldas;Aguadas;MagdalenaCauca;DirectosRÌoCaucaentreRÌoSanJuanyPtoValdivia;4712148;2194019
26180160;96;(3-6);20;ABEJORRAL;Antioquia;Abejorral;MagdalenaCauca;RÌoArma;4730952;2197914
26180170;96;(4-6);19;UNIONLA;Antioquia;LaUniÛn;MagdalenaCauca;RÌoArma;4736482;2221377
26180180;99;(3-6);20;SONSON;Antioquia;SonsÛn;MagdalenaCauca;RÌoArma;4745974;2190031
26180190;96;(3-6);20;AGUADAS;Caldas;Aguadas;MagdalenaCauca;RioTapiasyotrosdirectosalCauca;4728563;2177359
26180200;97;(4-6);19;MONTEBELLO;Antioquia;Montebello;MagdalenaCauca;RÌoArma;4719247;2216200
26180220;76;(3-6);20;LAPINTADAALERTAS;Antioquia;LaPintada;MagdalenaCauca;RÌoFRÌoyOtrosDirectosalCauca;4712139;2191806
26180240;50;(3-6);20;PAVASLAS;Caldas;Aguadas;MagdalenaCauca;RÌoArma;4734988;2168725
26180250;39;(2-6);13;ValleAltoAut;Caldas;Salamina;MagdalenaCauca;RÌoArma;4743238;2149650
26180260;32;(3-6);20;LaMiranda;Caldas;Salamina;MagdalenaCauca;RÌoArma;4741519;2158190
26185010;49;(3-6);20;PELADALA;Caldas;Aguadas;MagdalenaCauca;RÌoArma;4740344;2174958
26185020;97;(4-6);19;MESOPOTAMIA;Antioquia;LaUniÛn;MagdalenaCauca;RÌoArma;4743378;2208964
26185040;93;(3-6);20;SANFELIX;Caldas;Salamina;MagdalenaCauca;RÌoArma;4736869;2152212
26190080;2;(3-5);11;BetaniaVolga;Antioquia;Betania;MagdalenaCauca;RÌoSanJuan;4669645;2188694
26190090;98;(3-5);11;BetanialasGuacas;Antioquia;Betania;MagdalenaCauca;RÌoSanJuan;4670541;2194775
26190100;96;(3-5);11;SANTABARBARA;Antioquia;Andes;MagdalenaCauca;RÌoSanJuan;4678796;2173597
26190120;34;(3-5);11;CAMPAMENTO;Antioquia;Andes;MagdalenaCauca;RÌoSanJuan;4681576;2186568
26190130;5;(3-5);11;LaMansa;ChocÛ;ElCarmen;Caribe;DariÈnAltoAtrato;4656743;2194295
26195020;95;(3-5);11;ITAANDES;Antioquia;Andes;MagdalenaCauca;RÌoSanJuan;4681067;2187640
26195030;48;(3-5);11;ElJardÌn;Antioquia;JardÌn;MagdalenaCauca;RÌoSanJuan;4689841;2176171
26200120;97;(4-5);12;OTRAMINA;Antioquia;TitiribÌ;MagdalenaCauca;DirectosRÌoCaucaentreRÌoSanJuanyPtoValdivia;4690769;2229847
26200130;79;(4-5);12;BOLOMBOLO;Antioquia;Venecia;MagdalenaCauca;DirectosRÌoCaucaentreRÌoSanJuanyPtoValdivia;4685680;2218484
26200140;86;(4-5);12;ARMENIA;Antioquia;Armenia;MagdalenaCauca;DirectosRÌoCaucaentreRÌoSanJuanyPtoValdivia;4693371;2239240
26200150;87;(4-6);19;FREDONIA;Antioquia;Fredonia;MagdalenaCauca;DirectosRÌoCaucaentreRÌoSanJuanyPtoValdivia;4702817;2214720
26205030;4;(3-6);20;FARALLONES;Antioquia;LaPintada;MagdalenaCauca;DirectosRÌoCaucaentreRÌoSanJuanyPtoValdivia;4710319;2197714
26205040;2;(5-5);18;IGUINAHACIENDA;Antioquia;Anz·;MagdalenaCauca;DirectosRÌoCaucaentreRÌoSanJuanyPtoValdia;4682963;2262384
26205060;11;(5-5);18;NOQUELA;Antioquia;Anz·;MagdalenaCauca;DirectosRÌoCaucaentreRÌoSanJuanyPtoValdia;4686672;2266052
26205070;18;(4-5);12;PLATALA;Antioquia;Venecia;MagdalenaCauca;DirectosRÌoCaucaentreRÌoSanJuanyPtoValdivia;4688272;2219946
26205080;59;(5-6);14;LaAldea;Antioquia;MedellÌn;MagdalenaCauca;DirectosRÌoCaucaentreRÌoSanJuanyPtoValdivia;4701289;2259452
26210070;94;(5-5);18;CAICEDO;Antioquia;Caicedo;MagdalenaCauca;DirectosRÌoCaucaentreRÌoSanJuanyPtoValdia;4670301;2266805
26210080;95;(4-5);12;HERRADURALA;Antioquia;Concordia;MagdalenaCauca;DirectosRÌoCaucaentreRÌoSanJuanyPtoValdia;4681993;2232800
26210090;98;(5-5);18;ANZA;Antioquia;Anz·;MagdalenaCauca;DirectosRÌoCaucaentreRÌoSanJuanyPtoValdia;4683745;2255352
26210110;97;(4-5);12;PENALISA;Antioquia;Salgar;MagdalenaCauca;RÌoSanJuan;4683315;2214615
26210130;87;(5-5);18;GUASABRA;Antioquia;SantaFeDeAntioquia;MagdalenaCauca;DirectosRÌoCaucaentreRÌoSanJuanyPtoValdia;4673180;2277561
26210140;88;(4-5);12;ALTAMIRA;Antioquia;Betulia;MagdalenaCauca;DirectosRÌoCaucaentreRÌoSanJuanyPtoValdia;4674144;2246043
26215010;92;(4-5);12;CONCORDIA;Antioquia;Concordia;MagdalenaCauca;DirectosRÌoCaucaentreRÌoSanJuanyPtoValdia;4676912;2226226
26215020;26;(5-5);18;CANAFISANTO;Antioquia;SantaFeDeAntioquia;MagdalenaCauca;DirectosRÌoCaucaentreRÌoSanJuanyPtoValdivia;4688527;2267886
26220050;63;(6-5);8;CUMBRELA;Antioquia;Peque;MagdalenaCauca;DirectosRÌoCaucaentreRÌoSanJuanyPtoValdia;4676024;2336188
26220060;0;(5-5);18;TUNALEL;Antioquia;SantaFeDeAntioquia;MagdalenaCauca;DirectosRÌoCaucaentreRÌoSanJuanyPtoValdia;4686786;2286334
26220090;98;(5-5);18;GIRALDO;Antioquia;Giraldo;MagdalenaCauca;DirectosRÌoCaucaentreRÌoSanJuanyPtoValdia;4673148;2298001
26220100;88;(7-5);2;GRANJALA;Antioquia;Ituango;MagdalenaCauca;DirectosRÌoCaucaentreRÌoSanJuanyPtoValdia;4698190;2359983
26220110;75;(7-6);13;SANTARITA;Antioquia;Ituango;MagdalenaCauca;DirectosRÌoCaucaentreRÌoSanJuanyPtoValdia;4711186;2368105
26225010;6;(7-5);2;ITUANGO;Antioquia;Ituango;MagdalenaCauca;DirectosRÌoCaucaentreRÌoSanJuanyPtoValdia;4698240;2354491
26225030;78;(5-5);18;COTOVEHACIENDA;Antioquia;SantaFeDeAntioquia;MagdalenaCauca;DirectosRÌoCaucaentreRÌoSanJuanyPtoValdia;4687419;2280864
26225040;77;(6-5);8;PIUNTIHACIENDA;Antioquia;Buritic·;MagdalenaCauca;DirectosRÌoCaucaentreRÌoSanJuanyPtoValdia;4678070;2302557
26225050;12;(6-6);14;PALMAREL;Antioquia;Ituango;MagdalenaCauca;DirectosRÌoCaucaentreRÌoSanJuanyPtoValdia;4705551;2345230
26225060;7;(5-5);18;HACIENDACOTOVEAut;Antioquia;SantaFeDeAntioquia;MagdalenaCauca;DirectosRÌoCaucaentreRÌoSanJuanyPtoValdia;4687419;2280864
26230010;88;(5-5);18;OLAYA;Antioquia;Olaya;MagdalenaCauca;DirectosRÌoCaucaentreRÌoSanJuanyPtoValdivia;4689297;2291342
26230110;98;(6-6);14;SANANDRES;Antioquia;SanAndrÈs;MagdalenaCauca;DirectosRÌoCaucaentreRÌoSanJuanyPtoValdivia;4705068;2322352
26230130;94;(6-6);14;CRUCESARRIBA;Antioquia;SanAndrÈs;MagdalenaCauca;DirectosRÌoCaucaentreRÌoSanJuanyPtoValdivia;4711715;2319811
26230140;97;(6-5);8;PLACITALA;Antioquia;Liborina;MagdalenaCauca;DirectosRÌoCaucaentreRÌoSanJuanyPtoValdivia;4695199;2301505
26230160;97;(6-6);14;BRICENO;Antioquia;Brice√±o;MagdalenaCauca;DirectosRÌoCaucaentreRÌoSanJuanyPtoValdivia;4722670;2343874
26230180;55;(5-5);18;LLANOSDESANJUAN;Antioquia;SanJerÛnimo;MagdalenaCauca;DirectosRÌoCaucaentreRÌoSanJuanyPtoValdivia;4699480;2268969
26230190;32;(6-5);8;ElOro;Antioquia;Sabanalarga;MagdalenaCauca;DirectosRÌoCaucaentreRÌoSanJuanyPtoValdivia;4694381;2325013
26230200;88;(6-5);8;SABANALARGA;Antioquia;Sabanalarga;MagdalenaCauca;DirectosRÌoCaucaentreRÌoSanJuanyPtoValdivia;4689003;2315382
26230220;71;(6-6);14;OCULTALA;Antioquia;Belmira;MagdalenaCauca;RÌoPorce;4708446;2307903
26230240;47;(6-6);14;ABERTURALA;Antioquia;SanAndrÈs;MagdalenaCauca;DirectosRÌoCaucaentreRÌoSanJuanyPtoValdivia;4701196;2321307
26235020;14;(5-5);18;LaVegaTabRubios;Antioquia;Sopetr·n;MagdalenaCauca;DirectosRÌoCaucaentreRÌoSanJuanyPtoValdivia;4690443;2280782
26235030;87;(6-6);14;MATANZAS;Antioquia;Toledo;MagdalenaCauca;DirectosRÌoCaucaentreRÌoSanJuanyPtoValdivia;4705580;2336287
26240050;14;(8-6);10;UNIONLAHACIENDA;Antioquia;C·ceres;MagdalenaCauca;RÌoTarazaRÌoMan;4740889;2411397
26240060;99;(8-6);10;MANIZALES;Antioquia;C·ceres;MagdalenaCauca;CaucaSanJorgeLaMojana;4733794;2424709
26240070;21;(7-6);13;ALTOELMUNECO;Antioquia;Taraz·;MagdalenaCauca;RÌoTarazaRÌoMan;4733462;2398534
26240080;23;(7-6);13;HOYORICO;Antioquia;Taraz·;MagdalenaCauca;RÌoTarazaRÌoMan;4729649;2374591
26240090;77;(8-6);10;PUERTOBELGICA;Antioquia;C·ceres;MagdalenaCauca;RÌoTarazaRÌoMan;4748092;2406009
26240100;94;(8-7);11;GuarumoLaLucha;Antioquia;C·ceres;MagdalenaCauca;RÌoTarazaRÌoMan;4755875;2427490
26240120;20;(7-6);13;PUERTOVALDIVIA;Antioquia;Valdivia;MagdalenaCauca;RÌoTarazaRÌoMan;4731439;2365364
26240150;73;(7-6);13;PUERTOVALDIVIA;Antioquia;Valdivia;MagdalenaCauca;DirectosRÌoCaucaentreRÌoSanJuanyPtoValdia;4735115;2364238
26240160;77;(8-7);11;LaCoquera;Antioquia;Caucasia;MagdalenaCauca;DirectosalCaucaentrePtoValdiviayRÌoNechÌ;4757577;2438217
26240170;70;(7-6);13;PLAYALTA;Antioquia;Taraz·;MagdalenaCauca;RÌoTarazaRÌoMan;4729919;2394413
26245020;4;(7-6);13;MARYLAND;Antioquia;C·ceres;MagdalenaCauca;RÌoTarazaRÌoMan;4733400;2387474
26245030;9;(7-6);13;TARAZA;Antioquia;Taraz·;MagdalenaCauca;RÌoTarazaRÌoMan;4735291;2396681
26245040;12;(8-7);11;JHBCAUCASIA;Antioquia;Caucasia;MagdalenaCauca;DirectosalCaucaentrePtoValdiviayRÌoNechÌ;4763452;2443234
26250010;0;(7-6);13;CACERES;Antioquia;C·ceres;MagdalenaCauca;DirectosalCaucaentrePtoValdiviayRÌoNechÌ;4741045;2396176
26250020;14;(8-7);11;HdaLaTrinidad;Antioquia;C·ceres;MagdalenaCauca;DirectosalCaucaentrePtoValdiviayRÌoNechÌ;4753740;2407641
26250030;97;(7-6);13;CACERES;Antioquia;C·ceres;MagdalenaCauca;DirectosalCaucaentrePtoValdiviayRÌoNechÌ;4741045;2396176
26250060;87;(7-6);13;PUERTORAUDAL;Antioquia;Valdivia;MagdalenaCauca;RÌoTarazaRÌoMan;4743154;2373035
26250090;17;(8-7);11;PIAMONTE;Antioquia;C·ceres;MagdalenaCauca;DirectosalCaucaentrePtoValdiviayRÌoNechÌ;4757474;2418681
26250100;1;(7-7);8;HdaSantaCruz;Antioquia;C·ceres;MagdalenaCauca;DirectosalCaucaentrePtoValdiviayRÌoNechÌ;4751796;2387376
26250110;71;(7-7);8;BARROBLANCO;Antioquia;Taraz·;MagdalenaCauca;DirectosalCaucaentrePtoValdiviayRÌoNechÌ;4750193;2384522
26255020;86;(6-6);14;SANTAISABEL;Antioquia;SantaRosaDeOsos;MagdalenaCauca;RÌoPorce;4717136;2307924
26255030;6;(4-6);19;SantaIsabelValdiviaAut;Antioquia;Rionegro;MagdalenaCauca;RÌoNare;4730074;2239285
26255040;70;(8-7);11;CACAOTERASDELDIQ;Antioquia;Caucasia;MagdalenaCauca;DirectosalCaucaentrePtoValdiviayRÌoNechÌ;4766777;2440750
27010160;6;(5-7);20;GOMEZPLATA;Antioquia;GÛmezPlata;MagdalenaCauca;RÌoPorce;4754693;2296438
27010680;5;(6-7);10;MACARENALAHACIENDA;Antioquia;Remedios;MagdalenaCauca;RÌoPorce;4795734;2337418
27010770;97;(4-6);19;CHUSCALEL;Antioquia;Heliconia;MagdalenaCauca;DirectosRÌoCaucaentreRÌoSanJuanyPtoValdivia;4700739;2241454
27010780;37;(5-6);14;BOQUERON;Antioquia;MedellÌn;MagdalenaCauca;DirectosRÌoCaucaentreRÌoSanJuanyPtoValdivia;4703244;2260432
27010790;26;(4-6);19;SenaLaMeseta;Antioquia;Caldas;MagdalenaCauca;RÌoPorce;4710449;2225367
27010800;95;(5-6);14;LaMesetaSanPedro;Antioquia;Bello;MagdalenaCauca;RÌoPorce;4711695;2265889
27010810;95;(4-6);19;SANTAHELENA;Antioquia;MedellÌn;MagdalenaCauca;RÌoPorce;4721597;2243404
27010820;98;(5-6);14;LaCuchilla;Antioquia;Girardota;MagdalenaCauca;RÌoPorce;4728675;2262333
27010830;97;(5-6);14;SANISIDRO;Antioquia;Entrerrios;MagdalenaCauca;RÌoPorce;4721906;2283922
27010840;94;(5-7);20;SANPABLO;Antioquia;SantaRosaDeOsos;MagdalenaCauca;RÌoPorce;4751701;2288069
27010850;96;(6-7);10;AMALFI;Antioquia;Amalfi;MagdalenaCauca;RÌoPorce;4770565;2321552
27010860;20;(5-7);20;HaciendaNormandÌa;Antioquia;YolombÛ;MagdalenaCauca;RÌoPorce;4766107;2298842
27010870;96;(5-6);14;BELMIRA;Antioquia;Belmira;MagdalenaCauca;RÌoPorce;4705054;2289092
27010880;98;(5-6);14;MONTANITAS;Antioquia;SantaRosaDeOsos;MagdalenaCauca;AltoNechÌ;4735643;2299298
27010890;94;(6-7);10;CUEVASANTA;Antioquia;Amalfi;MagdalenaCauca;RÌoPorce;4774885;2327443
27010900;98;(5-7);20;GOMEZPLATA;Antioquia;GÛmezPlata;MagdalenaCauca;RÌoPorce;4754693;2296438
27010960;76;(6-7);10;HaciendaMonos;Antioquia;Amalfi;MagdalenaCauca;RÌoPorce;4789908;2320704
27011100;67;(6-7);10;LasBrisas;Antioquia;Segovia;MagdalenaCauca;RÌoPorce;4798892;2349435
27011110;59;(5-6);14;ASTILLEROS;Antioquia;MedellÌn;MagdalenaCauca;RÌoPorce;4704018;2250174
27011120;59;(5-6);14;LaIguan·;Antioquia;MedellÌn;MagdalenaCauca;RÌoPorce;4706080;2256687
27011230;39;(5-7);20;SANANTONIO;Antioquia;YolombÛ;MagdalenaCauca;RÌoPorce;4762199;2290105
27011270;19;(4-6);19;LAURELESmedellin;Antioquia;MedellÌn;MagdalenaCauca;RÌoPorce;4713399;2248922
27015090;96;(5-6);14;TULIOOSPINA;Antioquia;Bello;MagdalenaCauca;RÌoPorce;4717623;2257007
27015110;87;(6-6);14;ARAGON;Antioquia;SantaRosaDeOsos;MagdalenaCauca;RÌoPorce;4717609;2307929
27015120;16;(5-6);14;PIEDRASBLANCAS;Antioquia;MedellÌn;MagdalenaCauca;RÌoPorce;4723505;2254800
27015150;79;(5-6);14;HaciendaElProgreso;Antioquia;DonMatÌas;MagdalenaCauca;RÌoPorce;4734961;2271056
27015160;5;(4-6);19;LaClara;Antioquia;Caldas;MagdalenaCauca;RÌoPorce;4712312;2229045
27015190;98;(5-7);20;GUAYABITO;Antioquia;SantoDomingo;MagdalenaCauca;RÌoPorce;4762705;2281207
27015200;21;(6-7);10;HaciendaNormandÌa;Antioquia;YolombÛ;MagdalenaCauca;RÌoPorce;4766147;2308057
27015210;26;(5-6);14;ElVivero;Antioquia;Guarne;MagdalenaCauca;RÌoPorce;4723497;2252957
27015260;71;(4-6);19;SALADALA;Antioquia;Caldas;MagdalenaCauca;RÌoPorce;4709571;2227033
27015270;2;(5-6);14;JARDINBOTANICO;Antioquia;MedellÌn;MagdalenaCauca;RÌoPorce;4716497;2251175
27015330;95;(4-6);19;AeropOlayaHerreraAut;Antioquia;MedellÌn;MagdalenaCauca;RÌoPorce;4713501;2246000
27020040;6;(6-6);14;ANGOSTURA;Antioquia;Angostura;MagdalenaCauca;AltoNechÌ;4742345;2319194
27020160;20;(7-7);8;TENCHELARISARALD;Antioquia;AnorÌ;MagdalenaCauca;AltoNechÌ;4775631;2370674
27020170;92;(6-7);10;CARMENELHACIENDA;Antioquia;AnorÌ;MagdalenaCauca;AltoNechÌ;4770401;2348272
27020180;34;(6-7);10;ANORI;Antioquia;AnorÌ;MagdalenaCauca;AltoNechÌ;4762549;2339984
27020190;93;(6-6);14;YARUMAL;Antioquia;Yarumal;MagdalenaCauca;AltoNechÌ;4733204;2327305
27020200;96;(6-6);14;CEDENO;Antioquia;Yarumal;MagdalenaCauca;AltoNechÌ;4739895;2339962
27020210;98;(6-6);14;ANGOSTURA;Antioquia;Angostura;MagdalenaCauca;AltoNechÌ;4742345;2319194
27020220;97;(6-6);14;LLANOSDCUIBALOS;Antioquia;Yarumal;MagdalenaCauca;AltoNechÌ;4725573;2311598
27020260;79;(7-6);13;TESOROEL;Antioquia;Valdivia;MagdalenaCauca;AltoNechÌ;4745891;2359402
27020280;15;(7-6);13;MARGARITASLAS;Antioquia;Taraz·;MagdalenaCauca;AltoNechÌ;4749816;2359739
27025010;4;(6-7);10;MONTEFRIO;Antioquia;AnorÌ;MagdalenaCauca;AltoNechÌ;4757020;2326528
27025020;16;(7-7);8;CHARCONLIBERIA;Antioquia;AnorÌ;MagdalenaCauca;AltoNechÌ;4779327;2374343
27025030;85;(6-7);10;ANORI;Antioquia;AnorÌ;MagdalenaCauca;AltoNechÌ;4762549;2339984
27030030;2;(7-7);8;ZARAGOZA;Antioquia;Zaragoza;MagdalenaCauca;BajoNechÌ(md);4793461;2385657
27030040;89;(8-8);7;GUAMOEL;Antioquia;NechÌ;MagdalenaCauca;DirectosalBajoNechÌ(mi);4800100;2431866
27030060;32;(8-8);7;AMACERI;Antioquia;ElBagre;MagdalenaCauca;BajoNechÌ(md);4808921;2414756
27030080;77;(6-8);8;CRUZADALA;Antioquia;Remedios;MagdalenaCauca;BajoNechÌ(md);4810646;2339357
27030090;98;(7-7);8;BOSQUEEL;Antioquia;Zaragoza;MagdalenaCauca;RÌoPorce;4797032;2367188
27030130;22;(7-8);6;LONDREEL;Antioquia;ElBagre;MagdalenaCauca;BajoNechÌ(md);4817991;2383397
27030140;88;(7-8);6;PALMADECOCOLA;Antioquia;Segovia;MagdalenaCauca;BajoNechÌ(md);4800460;2357976
27030150;22;(8-8);7;ASIESLAVIDA;Antioquia;ElBagre;MagdalenaCauca;BajoNechÌ(md);4825454;2412849
27030160;24;(7-8);6;BUENAVISTA;Antioquia;ElBagre;MagdalenaCauca;BajoNechÌ(md);4816138;2379719
27030210;97;(7-7);8;ZARAGOZA;Antioquia;Zaragoza;MagdalenaCauca;BajoNechÌ(md);4793461;2385657
27030220;24;(7-8);6;ORIENTEEL;Antioquia;ElBagre;MagdalenaCauca;BajoNechÌ(md);4816194;2394459
27030230;1;(7-8);6;MONTEVERDE;Antioquia;Segovia;MagdalenaCauca;BajoNechÌ(md);4817943;2370500
27030240;30;(6-8);8;PUENTEBAGRE;Antioquia;Remedios;MagdalenaCauca;BajoNechÌ(md);4823370;2344686
27035010;5;(7-8);6;MONTESNEGROS;Antioquia;Zaragoza;MagdalenaCauca;BajoNechÌ(md);4810649;2387110
27035020;7;(6-8);8;BOQUETEEL;Antioquia;Segovia;MagdalenaCauca;BajoNechÌ(md);4817856;2346548
27035030;19;(8-8);7;SANTAMARGARITA;Antioquia;ElBagre;MagdalenaCauca;BajoNechÌ(md);4805238;2412929
27040020;91;(7-7);8;ALTODELINDIO;Antioquia;Zaragoza;MagdalenaCauca;DirectosalBajoNechÌ(mi);4784615;2390647
27040030;94;(8-7);11;ESMERALDALA;Antioquia;Caucasia;MagdalenaCauca;DirectosalBajoNechÌ(mi);4795720;2414935
27040040;28;(9-8);16;NECHI;Antioquia;NechÌ;MagdalenaCauca;BajoNechÌ(md);4805103;2453155
27045020;56;(8-7);11;CASERI;Antioquia;Caucasia;MagdalenaCauca;DirectosalBajoNechÌ(mi);4786606;2421677
27047010;32;(8-8);7;BAGREEL;Antioquia;ElBagre;MagdalenaCauca;BajoNechÌ(md);4801508;2400046
54010010;92;(2-3);6;ISTMINA;ChocÛ;Istmina;Pacifico;RÌoSanJuanAlto;4591017;2129218
54010020;93;(2-5);17;LINEALAPORVENIR;Risaralda;PuebloRico;MagdalenaCauca;RÌoRisaralda;4669790;2130223
54015010;72;(2-5);17;PuebloRicoAut;Risaralda;PuebloRico;Pacifico;RÌoSanJuanAlto;4664030;2137098
54020010;92;(2-3);6;ANDAGOYA;ChocÛ;MedioSanJuan;Pacifico;RÌoTaman·yotrosDirectosSanJuan;4590170;2122460
54020020;95;(2-4);4;NOVITA;ChocÛ;NÛvita;Pacifico;RÌoTaman·yotrosDirectosSanJuan;4600179;2106684
54020040;92;(2-4);4;VALENCIALADIVISA;ChocÛ;SanJosÈDelPalmar;Pacifico;RÌoTaman·yotrosDirectosSanJuan;4635091;2100766
54020050;68;(1-4);1;SINAIEL;ChocÛ;SanJosÈDelPalmar;Pacifico;RÌoTaman·yotrosDirectosSanJuan;4644366;2093026
54020060;84;(2-3);6;OPOGODO;ChocÛ;Condoto;Pacifico;RÌoTaman·yotrosDirectosSanJuan;4595309;2118260
54020090;25;(2-3);6;AEROPUERTOCONDOTO;ChocÛ;Condoto;Pacifico;RÌoTaman·yotrosDirectosSanJuan;4592357;2119771
54025010;78;(2-4);4;SANJOSEPALMAR;ChocÛ;SanJosÈDelPalmar;Pacifico;RÌoTaman·yotrosDirectosSanJuan;4641578;2100095
54025020;60;(2-3);6;AEROPUERTOCONDOTO;ChocÛ;Condoto;Pacifico;RÌoTaman·yotrosDirectosSanJuan;4592357;2119771
54025030;4;(2-4);4;SANJOSE;ChocÛ;Condoto;Pacifico;RÌoTaman·yotrosDirectosSanJuan;4600884;2122657
54035020;41;(1-5);14;ARGELIAELRECREO;ValledelCauca;Argelia;Pacifico;RÌoSipÌ;4654336;2081804
55015010;92;(3-3);7;PIEDEPATOAut;ChocÛ;AltoBaudÛ(PieDePato);Pacifico;DirectosPacificoRÌoBaudÛ;4559750;2169540
56010030;43;(6-2);2;CUPICA;ChocÛ;BahÌaSolano(Mutis);Pacifico;DirectosDirectosPacificoFronteraPanam·;4503404;2301338
56010040;33;(3-2);1;NUQUI;ChocÛ;NuquÌ;Pacifico;DirectosPacificoFronteraPanam·;4527415;2190481
56015010;87;(4-2);1;PANAMERICANA;ChocÛ;BahÌaSolano(Mutis);Pacifico;DirectosPacificoFronteraPanam·;4512487;2247700
56015020;0;(6-1);1;ALTOCURICHE;ChocÛ;JuradÛ;Pacifico;DirectosDirectosPacificoFronteraPanam·;4486111;2339577
