Estacion,Porc_datos,Celda_XY,Cont_celda,Nom_Est,Depto,Mpio,AH,ZSZH,x,y
11010010,78,(3-4),5,VUELTALA,Chocó,Cértegui,Caribe,DariénRíoAndágueda,4607247,2162360
11020010,100,(4-5),12,CARMENDEATRATO,Chocó,ElCarmen,Caribe,DariénAltoAtrato,4652177,2211863
11020020,42,(3-4),5,GUADUAS,Chocó,ElCarmen,Caribe,DariénAltoAtrato,4647517,2196190
11020050,95,(3-4),5,PINONEL,Chocó,ElCarmen,Caribe,DariénAltoAtrato,4640026,2195236
11025010,91,(4-5),12,MANSALA,Antioquia,CiudadBolivar,Caribe,DariénAltoAtrato,4658557,2208483
11030010,94,(3-3),7,CERTEGUI,Chocó,Cértegui,Caribe,DariénRíoQuito,4599604,2153115
11030030,72,(2-3),6,MANAGRU,Chocó,ElCantónDelSanPablo(Managrú),Caribe,DariénRíoQuito,4586812,2148667
11030040,76,(3-3),7,PAIMADO,Chocó,RioQuito(Paimadó),Caribe,DariénRíoQuito,4585501,2165002
11035010,66,(3-4),5,LLORO,Chocó,Lloró,Caribe,DariénRíoQuito,4603367,2168036
11035020,72,(3-3),7,SANISIDRO,Chocó,RioQuito(Paimadó),Caribe,DariénRíoQuito,4584619,2181015
11040010,98,(3-4),5,TUTUNENDO,Chocó,Quibdó,Caribe,DariénRíoBebaramáyotrosDirectosAtrato(md),4608205,2193870
11045010,95,(3-3),7,AEROPUERTOELCARANO,Chocó,Quibdó,Caribe,DariénRíoCabiyotrosDirectosAtrato(md),4596416,2188069
11045030,5,(3-3),7,HUAPANGO,Chocó,Quibdó,Caribe,DariénRíoCabiyotrosDirectosAtrato(md),4597581,2189108
11050010,97,(4-3),4,Tagachi,Chocó,Quibdó,Caribe,DariénDirectosAtratoentreRíosBebaramáyMurrí(md),4587580,2246950
11050020,76,(4-3),4,BETE,Chocó,MedioAtrato(Beté),Caribe,Darién,4581530,2221848
11050030,83,(4-3),4,ElBuey,Chocó,MedioAtrato(Beté),Caribe,DariénDirectosAtratoentreRíosQuitoyBojayá(mi),4577032,2233815
11050040,28,(3-3),7,CALAORRA,Chocó,Quibdó,Caribe,DariénDirectosAtratoentreRíosQuitoyBojayá(mi),4573598,2196647
11050060,85,(4-3),4,AltodelBuey,Chocó,MedioAtrato(Beté),Caribe,DariénDirectosAtratoentreRíosQuitoyBojayá(mi),4566586,2234537
11060010,99,(5-3),4,BUCHADO,Antioquia,VigiaDelFuerte,Caribe,DariénDirectosAtratoentreRíosBebaramáyMurrí(md),4581950,2268941
11070020,85,(5-4),2,ElRoble,Antioquia,Urrao,Caribe,DariénRíoMurrí,4642870,2258809
11070030,83,(5-5),18,LaClarita,Antioquia,Urrao,Caribe,DariénRíoMurrí,4650763,2281693
11070040,6,(5-4),2,URRAO,Antioquia,Urrao,Caribe,DariénRíoMurrí,4649730,2258890
11070130,56,(4-5),12,BRECHONEL,Antioquia,Urrao,Caribe,DariénRíoMurrí,4664365,2236671
11075010,38,(5-5),18,LaHonda,Antioquia,Urrao,Caribe,DariénRíoMurrí,4650699,2261435
11075020,83,(5-5),18,URRAO,Antioquia,Urrao,Caribe,DariénRíoMurrí,4652293,2254998
11077030,61,(5-3),4,LaPlaya,Antioquia,VigiaDelFuerte,Caribe,DariénRíoMurrí,4585355,2290695
11080010,99,(5-3),4,Bellavista,Chocó,Bojayá(Bellavista),Caribe,DariénDirectosAtratoentreRíosQuitoyBojayá(mi),4570310,2284442
11085010,47,(5-3),4,LOMALA,Chocó,Bojayá(Bellavista),Caribe,DariénRíoBojayá,4559442,2281666
11090010,84,(6-3),4,OPOGADO,Chocó,Bojayá(Bellavista),Caribe,DariénRíoNapipíRíoOpogadó,4560867,2312580
11100010,45,(6-3),4,VIGIADECURVARADO,Chocó,CarmenDelDarién(Curbaradó),Caribe,DariénRíoMurindóDirectosalAtrato,4567321,2342523
11100020,85,(7-3),4,DOMINGODO,Chocó,CarmenDelDarién(Curbaradó),Caribe,DariénRíoSucio,4554875,2353338
11100030,8,(6-3),4,MURINDO,Antioquia,Murindó,Caribe,DariénRíoMurindóDirectosalAtrato,4585685,2333142
11105010,15,(6-3),4,MURINDO,Antioquia,Murindó,Caribe,DariénRíoMurindóDirectosalAtrato,4585655,2329451
11110010,98,(6-5),8,NORMALSANTATERESA,Antioquia,Frontino,Caribe,DariénRíoSucio,4653687,2306452
11110020,89,(5-5),18,ABRIAQUI,Antioquia,Abriaquí,Caribe,DariénRíoSucio,4660087,2293040
11110030,83,(6-4),3,FUEMIA,Antioquia,Frontino,Caribe,DariénRíoSucio,4640636,2317022
11110040,6,(6-5),8,CANASGORDAS,Antioquia,CaÃ±asgordas,Caribe,DariénRíoSucio,4664770,2304907
11110110,47,(5-5),18,BoqueróndeToyo,Antioquia,Giraldo,Caribe,DariénRíoSucio,4670912,2299275
11115020,89,(6-5),8,CaÃ±asgordasAut,Antioquia,CaÃ±asgordas,Caribe,AtratoDariénRíoSucio,4665182,2305792
11115030,14,(6-4),3,NUTIBARA,Antioquia,Frontino,Caribe,DariénRíoSucio,4640851,2312440
11115040,68,(6-4),3,MUSINGA,Antioquia,Frontino,Caribe,DariénRíoSucio,4645985,2308123
11120010,10,(7-2),4,SALAQUI,Chocó,Riosucio,Caribe,DariénRíoSalaquíyotrosdirectosBajoAtrato,4527111,2381663
11120040,80,(7-2),4,RIOSUCIO,Chocó,Riosucio,Caribe,DariénRíoSucio,4545703,2382164
11125010,38,(6-2),2,TERESITALA,Chocó,Riosucio,Caribe,DariénRíoSalaquíyotrosdirectosBajoAtrato,4502669,2333872
11130020,71,(7-2),4,HONDALA,Chocó,Riosucio,Caribe,DariénRíoSalaquíyotrosdirectosBajoAtrato,4544710,2397376
11130030,2,(8-2),3,SAUTATA,Chocó,Riosucio,Caribe,DariénRíoTanelayotrosDirectosalCaribe,4540479,2429549
11135010,53,(8-2),3,SAUTATA,Chocó,Riosucio,Caribe,DariénRíoTanelayotrosDirectosalCaribe,4545985,2427648
11135020,11,(7-2),4,BALSALA,Chocó,Riosucio,Caribe,DariénRíoSalaquíyotrosdirectosBajoAtrato,4536416,2390807
11135030,89,(8-2),3,UnguiaAut,Chocó,Unguía,Caribe,DariénRíoTanelayotrosDirectosalCaribe,4549371,2448301
11140010,3,(8-3),18,MARIRRIO,Antioquia,Turbo,Caribe,DariénDirectosBajoAtratoentreRíoSucioydesembocadura,4564553,2444084
11145010,15,(7-3),4,BAJIRA,Chocó,Riosucio,Caribe,DariénRíoSucio,4595245,2375514
11150010,87,(9-3),7,TITUMATE,Chocó,Unguía,Caribe,DariénRíoToloyotrosDirectosalCaribe,4551004,2478346
11150020,87,(9-3),7,TANELA,Chocó,Unguía,Caribe,DariénRíoTanelayotrosDirectosalCaribe,4554749,2462228
11150030,77,(10-2),2,ACANDI,Chocó,Acandí,Caribe,DariénRíoToloyotrosDirectosalCaribe,4529081,2503266
11155010,10,(10-2),2,PLAYALA,Chocó,Acandí,Caribe,DariénRíoToloyotrosDirectosalCaribe,4528379,2503551
11155020,3,(9-3),7,GLORIALA,Chocó,Unguía,Caribe,DariénRíoTanelayotrosDirectosalCaribe,4551968,2473751
12010010,92,(8-3),18,TORMENTOEL,Antioquia,Turbo,Caribe,LitoralRíoLeón,4574771,2418113
12010030,88,(7-3),4,BARRANQUILLITA,Antioquia,Chigorodó,Caribe,LitoralRíoLeón,4591734,2396214
12010040,15,(8-3),18,TULENAPA,Antioquia,Chigorodó,Caribe,LitoralRíoLeón,4595508,2406886
12010050,76,(8-3),18,TOSCANALA,Antioquia,Carepa,Caribe,LitoralRíoLeón,4591625,2422577
12010060,81,(8-3),18,LORENALA,Antioquia,Apartadó,Caribe,LitoralRíoLeón,4593212,2428653
12010070,83,(8-3),18,CASCOEL,Antioquia,Apartadó,Caribe,LitoralRíoLeón,4597803,2430981
12010080,31,(8-3),18,SANTAISABEL,Antioquia,Carepa,Caribe,LitoralRíoLeón,4595587,2416113
12010090,83,(8-3),18,TRIGANA,Antioquia,Carepa,Caribe,LitoralRíoLeón,4590591,2415898
12010100,78,(8-4),15,EUPOL,Antioquia,Turbo,Caribe,LitoralRíoLeón,4601216,2437715
12010110,84,(8-3),18,PRADOMAR,Antioquia,Turbo,Caribe,LitoralRíoMulatosyotrosdirectosalCaribe,4598924,2442374
12010120,84,(8-3),18,SANTAMARTHA,Antioquia,Turbo,Caribe,LitoralRíoLeón,4597697,2435344
12010130,3,(8-3),18,CHIGORODO,Antioquia,Chigorodó,Caribe,LitoralRíoLeón,4591858,2410609
12010140,8,(8-3),18,RIOGRANDE,Antioquia,Turbo,Caribe,LitoralRíoLeón,4599445,2436381
12010150,0,(7-4),3,VILLAARTEAGA,Antioquia,Mutatá,Caribe,LitoralRíoLeón,4600832,2382850
12010160,24,(8-4),15,SANJOSEAPARTADO,Antioquia,Apartadó,Caribe,LitoralRíoLeón,4603060,2428967
12010170,41,(7-3),4,NUEVOORIENTE,Antioquia,Turbo,Caribe,DariénDirectosBajoAtratoentreRíoSucioydesembocadura,4592786,2384061
12010180,24,(8-4),15,CHOROMANDOHACIENDA,Antioquia,Turbo,Caribe,LitoralRíoLeón,4604980,2438178
12015010,64,(7-4),3,VILLARTEAGA,Antioquia,Mutatá,Caribe,LitoralRíoLeón,4615168,2369966
12015020,83,(8-3),18,UNIBAN,Antioquia,Apartadó,Caribe,LitoralRíoLeón,4597353,2424504
12015030,14,(8-3),18,IdemaMontecrisanto,Antioquia,Chigorodó,Caribe,LitoralRíoLeón,4593651,2405056
12015040,1,(8-3),18,NEGRALA1,Antioquia,Turbo,Caribe,LitoralRíoLeón,4593941,2438275
12015050,19,(8-3),18,RIOGRANDE,Antioquia,Turbo,Caribe,LitoralRíoLeón,4599428,2434535
12015060,58,(8-3),18,TulenapaAut,Antioquia,Carepa,Caribe,LitoralRíoLeón,4595712,2418764
12015070,72,(8-3),18,AEROPUERTOLOSCEDROS,Antioquia,Carepa,Caribe,LitoralRíoLeón,4589995,2423514
12015080,12,(8-4),15,CERRAZONLA,Antioquia,Chigorodó,Caribe,LitoralRíoLeón,4601078,2412375
12015090,69,(7-4),3,PALMERALA,Antioquia,Chigorodó,Caribe,LitoralRíoLeón,4602140,2392620
12020010,95,(9-4),2,PUEBLOBELLO,Antioquia,Turbo,Caribe,LitoralRíoMulatosyotrosdirectosalCaribe,4612209,2465795
12020040,17,(8-4),15,NUEVAANTIOQUIA,Antioquia,Turbo,Caribe,LitoralRíoMulatosyotrosdirectosalCaribe,4608755,2449217
12020170,12,(9-3),7,PLAYONALA,Antioquia,Turbo,Caribe,LitoralRíoMulatosyotrosdirectosalCaribe,4597852,2464078
12025010,26,(9-3),7,AEROPUERTOGONZALO,Antioquia,Turbo,Caribe,LitoralRíoMulatosyotrosdirectosalCaribe,4588590,2456780
12025020,13,(9-3),7,CARIBIA,Antioquia,Necoclí,Caribe,LitoralRíoMulatosyotrosdirectosalCaribe,4594502,2499176
12025030,62,(10-3),1,ElMellito,Antioquia,Necoclí,Caribe,LitoralRíoMulatosyotrosdirectosalCaribe,4595647,2503890
12025040,45,(9-3),7,TurboAut,Antioquia,Turbo,Caribe,Litoral,4590441,2454010
12030010,92,(10-4),5,SanJuandeUrabá,Antioquia,SanJuanDeUrabá,Caribe,LitoralRíoMulatosyotrosdirectosalCaribe,4611329,2527278
12030020,90,(10-4),5,ElCarmelo,Antioquia,Arboletes,Caribe,LitoralRíoSanJuan,4628052,2512154
12040010,88,(10-4),5,JARAMAGAL,Córdoba,PuertoEscondido,Caribe,LitoralRioCanaleteyotrosArroyosDirectosalCaribe,4645852,2543085
12040020,95,(10-4),5,CANALETE,Córdoba,Canalete,Caribe,LitoralRioCanaleteyotrosArroyosDirectosalCaribe,4644122,2530494
12045010,84,(10-4),5,ARBOLETES,Antioquia,Arboletes,Caribe,LitoralRioCanaleteyotrosArroyosDirectosalCaribe,4622558,2537329
12045020,86,(11-4),1,CristoReyAut,Córdoba,PuertoEscondido,Caribe,LitoralRioCanaleteyotrosArroyosDirectosalCaribe,4645620,2561935
13010010,14,(8-5),2,MOLINILLO,Córdoba,Tierralta,Caribe,AltoSinúUrrá,4663618,2408197
13010020,7,(8-4),15,TUCURA,Córdoba,Tierralta,Caribe,AltoSinúUrrá,4639912,2436044
13010040,14,(8-5),2,FLECHALA,Córdoba,Tierralta,Caribe,AltoSinúUrrá,4672779,2402600
13015010,10,(8-4),15,URRA2,Córdoba,Tierralta,Caribe,AltoSinúUrrá,4647100,2413852
13015020,7,(8-4),15,TUCURA,Córdoba,Tierralta,Caribe,AltoSinúUrrá,4641780,2439719
13015030,36,(8-4),15,CAMPOBELLO,Córdoba,Tierralta,Caribe,AltoSinúUrrá,4643634,2441549
13015040,31,(8-4),15,REPRESAURRA,Córdoba,Tierralta,Caribe,MedioSinú,4647001,2444935
13020020,42,(8-4),15,CIELOEL,Córdoba,Tierralta,Caribe,AltoSinúUrrá,4623344,2434332
13020040,19,(8-4),15,SAIZA,Córdoba,Tierralta,Caribe,AltoSinúUrrá,4615788,2410407
13025020,2,(8-4),15,ESMERALDALA,Córdoba,Tierralta,Caribe,AltoSinúUrrá,4641665,2424961
13025030,47,(8-4),15,DESPENSALA,Córdoba,Tierralta,Caribe,AltoSinúUrrá,4636190,2430539
13030010,95,(9-5),10,TIERRALTA,Córdoba,Tierralta,Caribe,MedioSinú,4663691,2463898
13035010,33,(8-4),15,PUERTONUEVO,Córdoba,Tierralta,Caribe,AltoSinúUrrá,4638088,2437903
13035501,80,(10-5),28,AEROPUERTOLOSGARZONES,Córdoba,Montería,Caribe,BajoSinú,4689334,2534431
13040010,49,(9-4),2,QUIMARI,Córdoba,Tierralta,Caribe,AltoSinúUrrá,4632675,2450861
13040030,55,(9-5),10,PEZVAL,Córdoba,Valencia,Caribe,MedioSinú,4650955,2472359
13045010,27,(9-5),10,JARAGUAY,Córdoba,Valencia,Caribe,MedioSinú,4660449,2476465
13050010,93,(10-5),28,SANTALUCIA,Córdoba,Montería,Caribe,BajoSinú,4665126,2537143
13050020,84,(10-5),28,SANTACRUZHACIENDA,Córdoba,Montería,Caribe,BajoSinú,4656306,2517171
13050030,94,(9-5),10,LOMAVERDE,Córdoba,Montería,Caribe,BajoSinú,4650495,2498895
13050040,7,(9-5),10,TRESPIEDRAS,Córdoba,Montería,Caribe,MedioSinú,4673434,2492965
13055010,12,(10-5),28,VORAGINELA,Córdoba,Montería,Caribe,BajoSinú,4666219,2509621
13055030,58,(10-5),28,GALAN,Córdoba,Montería,Caribe,MedioSinú,4672970,2516115
13060010,87,(10-5),28,SANANTERITO,Córdoba,Montería,Caribe,MedioSinú,4685151,2504803
13060020,97,(9-5),10,BUENOSAIRES,Córdoba,Montería,Caribe,MedioSinú,4695640,2495660
13060030,95,(9-5),10,CARAMELO,Córdoba,Tierralta,Caribe,MedioSinú,4680200,2472566
13065010,16,(9-5),10,TORPEZALA,Córdoba,Montería,Caribe,MedioSinú,4673420,2491121
13065020,74,(9-5),10,MARACAYO,Córdoba,Montería,Caribe,MedioSinú,4682949,2488468
13070010,88,(11-5),13,LIMONEL,Córdoba,SanBernardoDelViento,Caribe,BajoSinú,4677425,2590990
13070020,90,(11-6),5,MOMIL,Córdoba,Momil,Caribe,BajoSinú,4704752,2579524
13070030,50,(11-5),13,SABANANUEVA,Córdoba,SanPelayo,Caribe,BajoSinú,4688608,2557396
13070040,97,(10-5),28,RABOLARGO,Córdoba,Cereté,Caribe,BajoSinú,4698533,2548168
13070050,91,(10-5),28,CERETE,Córdoba,Cereté,Caribe,BajoSinú,4693667,2541535
13070070,98,(10-5),28,BOCADELACEIBA,Córdoba,Montería,Caribe,BajoSinú,4685929,2534909
13070080,31,(10-6),13,SIGLOEL,Córdoba,CiénagaDeOro,Caribe,BajoSinú,4717871,2547961
13070090,96,(10-6),13,SANCARLOS,Córdoba,SanCarlos,Caribe,BajoSinú,4702923,2530428
13070100,96,(10-6),13,SANTAROSA,Córdoba,SanCarlos,Caribe,BajoSinú,4713887,2524880
13070110,98,(10-5),28,CARRIZAL,Córdoba,SanCarlos,Caribe,BajoSinú,4697098,2518453
13070120,95,(10-6),13,CALLEMAR,Córdoba,SanCarlos,Caribe,BajoSinú,4705449,2520115
13070130,52,(10-5),28,CALIFORNIA,Córdoba,Montería,Caribe,BajoSinú,4688396,2529736
13070140,54,(10-5),28,COROZA1,Córdoba,Cereté,Caribe,BajoSinú,4697609,2535199
13070150,51,(10-5),28,MOCARI,Córdoba,Montería,Caribe,BajoSinú,4684741,2531608
13070160,46,(10-6),13,BERASTEGUI,Córdoba,CiénagaDeOro,Caribe,BajoSinú,4703151,2540691
13070170,81,(10-5),28,BUENOSAIRES1,Córdoba,SanCarlos,Caribe,BajoSinú,4697590,2528500
13070180,80,(11-5),13,CARRILLO,Córdoba,SanPelayo,Caribe,BajoSinú,4688737,2551986
13070190,82,(10-5),28,COROZA2,Córdoba,SanCarlos,Caribe,BajoSinú,4695935,2532046
13070200,45,(10-5),28,COROCITO,Córdoba,SanPelayo,Caribe,BajoSinú,4692204,2548148
13070210,44,(11-5),13,COTORRA,Córdoba,Cotorra,Caribe,BajoSinú,4694108,2557354
13070220,47,(10-5),28,FLORDELSINU,Córdoba,Montería,Caribe,BajoSinú,4686590,2533438
13070230,51,(10-5),28,HORIZONTE,Córdoba,Montería,Caribe,BajoSinú,4684713,2527920
13070240,45,(11-5),13,CERROBAHIA,Córdoba,Lorica,Caribe,BajoSinú,4687009,2586916
13070250,47,(11-5),13,TRAPICHEEL,Córdoba,Lorica,Caribe,BajoSinú,4683360,2588790
13070260,45,(10-5),28,LAMAS3,Córdoba,Montería,Caribe,BajoSinú,4686520,2524218
13070270,49,(10-5),28,MONTERIA,Córdoba,Montería,Caribe,BajoSinú,4687497,2534522
13070280,80,(10-5),28,SABANAL,Córdoba,Montería,Caribe,BajoSinú,4697419,2530253
13070290,61,(10-5),28,TAMPA,Córdoba,Montería,Caribe,BajoSinú,4695544,2512134
13070300,8,(11-6),5,CHIMA,Córdoba,Chima,Caribe,BajoSinú,4712530,2570125
13070310,1,(11-6),5,CHIMA,Córdoba,Chima,Caribe,BajoSinú,4712530,2570125
13070330,2,(11-5),13,ICOTEASLAS,Córdoba,Cotorra,Caribe,BajoSinú,4695955,2559184
13070340,43,(10-5),28,PALMADEVINO,Córdoba,Montería,Caribe,BajoSinú,4692024,2524176
13070390,0,(10-6),13,CIENAGADEORO,Córdoba,CiénagaDeOro,Caribe,BajoSinú,4710842,2539160
13070420,2,(11-5),13,CNOELMUERTO,Córdoba,Lorica,Caribe,BajoSinú,4687009,2586916
13070440,57,(11-6),5,VILLAMARCELA,Córdoba,SanAntero,Caribe,LitoralDirectosCaribeGolfodeMorrosquillo,4701463,2592580
13075010,85,(11-6),5,CHIMA,Córdoba,Chima,Caribe,BajoSinú,4711935,2570212
13075020,96,(10-6),13,SALADOEL,Córdoba,CiénagaDeOro,Caribe,BajoSinú,4716132,2543978
13075030,90,(10-5),28,TURIPANA,Córdoba,Cereté,Caribe,BajoSinú,4691904,2535927
13075040,9,(10-6),13,AEROPUERTOBERASTEGUI,Córdoba,CiénagaDeOro,Caribe,BajoSinú,4706818,2540664
13075050,61,(10-5),28,UNIVDECORDOBA,Córdoba,Montería,Caribe,BajoSinú,4685302,2530927
13075060,2,(10-5),28,MONTERIA,Córdoba,Montería,Caribe,BajoSinú,4682865,2526090
13077070,97,(10-6),13,CIENAGADEORO,Córdoba,CiénagaDeOro,Caribe,BajoSinú,4710842,2539160
13080010,97,(10-5),28,SANANTONIO,Córdoba,SanPelayo,Caribe,BajoSinú,4675322,2546716
13080020,6,(11-5),13,LORICA,Córdoba,Lorica,Caribe,BajoSinú,4688797,2581369
13080030,0,(10-5),28,SANANTONIO,Córdoba,SanPelayo,Caribe,BajoSinú,4672019,2546462
13080060,1,(11-5),13,DOCTRINALA,Córdoba,Lorica,Caribe,BajoSinú,4683345,2586946
13085010,91,(11-5),13,DOCTRINALA,Córdoba,Lorica,Caribe,BajoSinú,4682305,2586647
13085030,93,(11-5),13,SANBERNARDODELVIENTO,Córdoba,SanBernardoDelViento,Caribe,BajoSinú,4676083,2594752
13085050,78,(11-5),13,LoricaItaAut,Córdoba,Lorica,Caribe,BajoSinú,4687581,2581680
16050140,7,(8-11),5,JURISDICCIONES,NortedeSantander,íÂbrego,MagdalenaCauca,RíoLebrijayotrosdirectosalMagdalena,4974287,2425424
21210020,94,(1-6),24,JUNTASLAS,Tolima,Ibagué,MagdalenaCauca,RíoCoello,4742503,2061881
21210100,40,(1-6),24,RANCHOEL,Tolima,Ibagué,MagdalenaCauca,RíoCoello,4741542,2066750
21210110,71,(1-6),24,PLACEREL,Tolima,Ibagué,MagdalenaCauca,RíoCoello,4747346,2057956
21210220,94,(1-6),24,PALMAREL,Tolima,Ibagué,MagdalenaCauca,RíoCoello,4742065,2064515
21210260,32,(1-6),24,SILENCIOEL,Tolima,Ibagué,MagdalenaCauca,RíoCoello,4735685,2070422
21230070,88,(1-8),10,SANJUANDRIOSECO,Cundinamarca,SanJuanDeRioseco,MagdalenaCauca,RíoSecoyotrosDirectosalMagdalena,4820110,2094275
21230090,78,(2-8),12,ARRANCAPLUMAS,Cundinamarca,Guaduas,MagdalenaCauca,RíoSecoyotrosDirectosalMagdalena,4808410,2133157
21230120,66,(2-8),12,BELLEZALA,Cundinamarca,Chaguaní,MagdalenaCauca,RíoSecoyotrosDirectosalMagdalena,4824771,2109088
21240040,28,(1-7),23,SANTAISABEL,Tolima,SantaIsabel,MagdalenaCauca,RíoTotare(1-7),4767144,2077694
21240070,86,(1-7),23,ANZOATEGUI,Tolima,Anzoátegui,MagdalenaCauca,RíoTotare(1-7),4768233,2070780
21240110,60,(1-7),23,BODEGALA,Tolima,SantaIsabel,MagdalenaCauca,RíoLagunillayOtrosDirectosalMagdalena,4762839,2081644
21245050,0,(1-6),24,AFRICAABAJO,Tolima,SantaIsabel,MagdalenaCauca,RíoTotare(1-6),4739427,2083311
21245070,0,(1-6),24,AFRICALALINEA,Tolima,SantaIsabel,MagdalenaCauca,RíoOtúnyotrosdirectosalCauca,4735735,2085167
21245090,29,(1-7),23,ERMITALA,Tolima,SantaIsabel,MagdalenaCauca,RíoTotare(1-7),4750509,2079589
21245100,3,(1-6),24,TOTARITO,Tolima,SantaIsabel,MagdalenaCauca,RíoTotare(1-6),4748660,2079595
21245120,3,(1-7),23,ALTOPURIMA,Tolima,SantaIsabel,MagdalenaCauca,RíoLagunillayOtrosDirectosalMagdalena,4767150,2079537
21245140,75,(1-7),23,SANTAISABEL,Tolima,SantaIsabel,MagdalenaCauca,RíoLagunillayOtrosDirectosalMagdalena,4767763,2079003
21250050,59,(1-7),23,ALTODELOSO,Tolima,Murillo,MagdalenaCauca,RíoLagunillayOtrosDirectosalMagdalena,4750558,2094332
21250060,21,(2-7),24,IdemaArmero,Tolima,Armero(Guayabal),MagdalenaCauca,RíoLagunillayOtrosDirectosalMagdalena,4787564,2107117
21250070,94,(1-7),23,SIERRALA,Tolima,Lérida,MagdalenaCauca,RíoLagunillayOtrosDirectosalMagdalena,4785401,2088709
21250100,58,(1-7),23,ESTRELLALA,Tolima,Venadillo,MagdalenaCauca,RíoLagunillayOtrosDirectosalMagdalena,4789493,2084466
21250120,62,(2-7),24,VILLAHERMOSA,Tolima,Villahermosa,MagdalenaCauca,RíoLagunillayOtrosDirectosalMagdalena,4765300,2112734
21250150,4,(2-7),24,PUENTEKM85EL,Tolima,Armero(Guayabal),MagdalenaCauca,RíoLagunillayOtrosDirectosalMagdalena,4796793,2103406
21250170,48,(2-7),24,BOQUERON,Tolima,Villahermosa,MagdalenaCauca,RíoLagunillayOtrosDirectosalMagdalena,4750269,2100292
21250190,33,(1-7),23,GARCIAHACIENDA,Tolima,Lérida,MagdalenaCauca,RíoLagunillayOtrosDirectosalMagdalena,4789375,2094213
21250310,1,(1-8),10,IDEMA,Tolima,Ambalema,MagdalenaCauca,RíoLagunillayOtrosDirectosalMagdalena,4802293,2086808
21250350,4,(1-8),10,TRIUNFOELHACIENDA,Tolima,Ambalema,MagdalenaCauca,RíoLagunillayOtrosDirectosalMagdalena,4800469,2096026
21250360,4,(2-7),24,PUENTEELKM89,Tolima,Armero(Guayabal),MagdalenaCauca,RíoLagunillayOtrosDirectosalMagdalena,4793097,2103416
21250370,27,(2-7),24,FLORIDALAHACIENDA,Tolima,Ambalema,MagdalenaCauca,RíoLagunillayOtrosDirectosalMagdalena,4798641,2103400
21250410,0,(2-7),24,BLEDONIA,Tolima,Lérida,MagdalenaCauca,RíoLagunillayOtrosDirectosalMagdalena,4787553,2103432
21250430,59,(1-8),10,CAMPAMENTOAMBALEM,Tolima,Ambalema,MagdalenaCauca,RíoLagunillayOtrosDirectosalMagdalena,4804141,2086804
21250440,4,(1-7),23,ALEGRIAS,Tolima,Ambalema,MagdalenaCauca,RíoLagunillayOtrosDirectosalMagdalena,4785684,2096066
21250450,95,(2-7),24,POTOSIHACIENDA,Tolima,Armero(Guayabal),MagdalenaCauca,RíoLagunillayOtrosDirectosalMagdalena,4791382,2116653
21250460,85,(1-7),23,VENADILLO,Tolima,Venadillo,MagdalenaCauca,RíoLagunillayOtrosDirectosalMagdalena,4787349,2073634
21250480,62,(2-7),24,SANTABARBARA,Tolima,Murillo,MagdalenaCauca,RíoLagunillayOtrosDirectosalMagdalena,4753884,2100581
21250500,96,(2-7),24,LIBANO,Tolima,Líbano,MagdalenaCauca,RíoLagunillayOtrosDirectosalMagdalena,4769896,2102219
21250510,22,(2-7),24,ArmeroGranjaCUnive,Tolima,Armero(Guayabal),MagdalenaCauca,RíoLagunillayOtrosDirectosalMagdalena,4787564,2107117
21250530,3,(2-7),24,PALMALA,Tolima,Líbano,MagdalenaCauca,RíoLagunillayOtrosDirectosalMagdalena,4769077,2105330
21250540,39,(1-8),10,BOCATOMACNORTE,Tolima,Ambalema,MagdalenaCauca,RíoLagunillayOtrosDirectosalMagdalena,4800445,2086813
21250550,21,(1-7),23,ESPERANZALOBONES,Tolima,Lérida,MagdalenaCauca,RíoLagunillayOtrosDirectosalMagdalena,4785678,2094224
21250560,37,(1-7),23,CHORRILLO,Tolima,Ambalema,MagdalenaCauca,RíoLagunillayOtrosDirectosalMagdalena,4798611,2092346
21250570,36,(1-7),23,IGUACITOS,Tolima,Lérida,MagdalenaCauca,RíoLagunillayOtrosDirectosalMagdalena,4794920,2094198
21250580,34,(1-7),23,BOQUERON,Tolima,Ambalema,MagdalenaCauca,RíoLagunillayOtrosDirectosalMagdalena,4796753,2088666
21250590,39,(1-8),10,BOCATOMACCENTRAL,Tolima,Ambalema,MagdalenaCauca,RíoLagunillayOtrosDirectosalMagdalena,4802293,2086808
21250600,35,(1-8),10,GAMBA,Tolima,Ambalema,MagdalenaCauca,RíoLagunillayOtrosDirectosalMagdalena,4804151,2090489
21250610,36,(1-8),10,ALSACIA,Tolima,Ambalema,MagdalenaCauca,RíoLagunillayOtrosDirectosalMagdalena,4802312,2094178
21250620,37,(1-7),23,MANGONEL,Tolima,Lérida,MagdalenaCauca,RíoLagunillayOtrosDirectosalMagdalena,4787516,2090533
21250630,36,(1-7),23,BALMORAL,Tolima,Lérida,MagdalenaCauca,RíoLagunillayOtrosDirectosalMagdalena,4787511,2088691
21250640,2,(1-8),10,PIEDRASNEGRAS,Tolima,Ambalema,MagdalenaCauca,RíoLagunillayOtrosDirectosalMagdalena,4800440,2084971
21255070,0,(2-7),24,BLEDONIA,Tolima,Lérida,MagdalenaCauca,RíoLagunillayOtrosDirectosalMagdalena,4787553,2103432
21255080,89,(1-8),10,SALTOEL,Tolima,Ambalema,MagdalenaCauca,RíoCoello,4804000,2086850
21255090,66,(2-7),24,ARMEROGRANJA,Tolima,Armero(Guayabal),MagdalenaCauca,RíoLagunillayOtrosDirectosalMagdalena,4789423,2110797
21255110,82,(1-7),23,SANTAISABEL,Tolima,SantaIsabel,MagdalenaCauca,RíoTotare(1-7),4763613,2077898
21255120,80,(2-7),24,VILLAHERMOSA,Tolima,Villahermosa,MagdalenaCauca,RíoLagunillayOtrosDirectosalMagdalena,4765300,2112734
21255140,58,(1-7),23,QUINTALA,Tolima,Lérida,MagdalenaCauca,RíoLagunillayOtrosDirectosalMagdalena,4787077,2091069
21255150,49,(1-7),23,GARCIAHACIENDA,Tolima,Lérida,MagdalenaCauca,RíoLagunillayOtrosDirectosalMagdalena,4790313,2094810
21255170,98,(1-7),23,MurilloAut,Tolima,Murillo,MagdalenaCauca,RíoLagunillayOtrosDirectosalMagdalena,4759075,2096577
22050100,61,(1-7),23,GUAYABOSLOS,Tolima,Coyaima,MagdalenaCauca,RíoTotare(1-7),4767469,2072889
23010020,94,(2-7),24,EDENEL,Tolima,Fresno,MagdalenaCauca,RíoGualí,4772967,2128358
23010070,4,(2-7),24,MACARENALAHACIENDA,Tolima,Mariquita,MagdalenaCauca,RíoGualí,4791329,2131059
23010080,97,(2-8),12,IdemaHonda,Tolima,Honda,MagdalenaCauca,RíoGualí,4806159,2133016
23010110,5,(2-7),24,SUBESTACIONELECTR,Tolima,Mariquita,MagdalenaCauca,RíoGualí,4793177,2131054
23015040,50,(2-7),24,AEROPUERTOMARIQUITA,Tolima,Mariquita,MagdalenaCauca,RíoGualí,4790999,2133978
23020080,87,(2-7),24,MANZANARES,Caldas,Manzanares,MagdalenaCauca,RíoGuarinó,4762457,2140249
23020090,88,(2-6),13,MARULANDA,Caldas,Marulanda,MagdalenaCauca,RíoGuarinó,4748822,2141685
23020100,88,(2-7),24,VICTORIALA,Caldas,Victoria,MagdalenaCauca,RíoGuarinó,4787906,2146299
23025020,85,(2-8),12,ESPERANZALA,Tolima,Honda,MagdalenaCauca,RíoGualí,4808443,2139778
23025040,65,(2-7),24,ALBANIA,Tolima,Mariquita,MagdalenaCauca,RíoGuarinó,4789224,2142383
23030010,5,(3-8),10,ESPERANZALAHACIENDA,Cundinamarca,PuertoSalgar,MagdalenaCauca,DirectosalMagdalenaentreRíosSecoyNegro(md),4819120,2162302
23035020,73,(3-8),10,AEROPUERTOPALANQUERO,Cundinamarca,PuertoSalgar,MagdalenaCauca,DirectosalMagdalenaentreRíosSecoyNegro(md),4816752,2162831
23040030,88,(3-8),10,IdemaDorada,Caldas,LaDorada,MagdalenaCauca,DirectosMagdalenaentreRíosGuarinóyLaMiel,4814379,2163700
23040050,1,(3-8),10,BASCULALA,Caldas,LaDorada,MagdalenaCauca,DirectosMagdalenaentreRíosGuarinóyLaMiel,4809878,2158643
23040060,4,(3-8),10,PALMARELHACIENDA,Caldas,LaDorada,MagdalenaCauca,DirectosMagdalenaentreRíosGuarinóyLaMiel,4808032,2158648
23040070,86,(2-7),24,CANAVERAL,Caldas,Victoria,MagdalenaCauca,RíoLaMiel(Samaná),4784880,2147119
23050070,18,(3-8),10,NORCASIA,Caldas,Victoria,MagdalenaCauca,DirectosMagdalenaentreRíosGuarinóyLaMiel,4809920,2173382
23050080,94,(2-7),24,MARQUETALIA,Caldas,Marquetalia,MagdalenaCauca,RíoLaMiel(Samaná),4772069,2143899
23050100,77,(3-8),10,SANMIGUEL,Antioquia,Sonsón,MagdalenaCauca,RíoLaMiel(Samaná),4808931,2191524
23050230,84,(3-7),5,SANJOSEPENSILVAN,Caldas,Pensilvania,MagdalenaCauca,RíoLaMiel(Samaná),4761935,2152269
23050250,74,(3-7),5,NORCASIARADIO,Caldas,Norcasia,MagdalenaCauca,RíoLaMiel(Samaná),4790536,2174305
23055040,85,(3-7),5,SAMANA,Caldas,Samaná,MagdalenaCauca,RíoLaMiel(Samaná),4778568,2157204
23055070,52,(3-7),5,ARGELIA,Antioquia,Argelia,MagdalenaCauca,RíoLaMiel(Samaná),4763093,2191596
23055080,18,(3-7),5,FLORENCIA,Caldas,Samaná,MagdalenaCauca,RíoLaMiel(Samaná),4772985,2169815
23060090,10,(3-8),10,YACOPI,Cundinamarca,Yacopí,MagdalenaCauca,RíoNegro,4848666,2165913
23060110,92,(2-8),12,CAPARRAPI,Cundinamarca,Caparrapí,MagdalenaCauca,RíoNegro,4834436,2149609
23060140,89,(2-8),12,TUSCOLOEL,Cundinamarca,Guaduas,MagdalenaCauca,RíoNegro,4821807,2118386
23060150,87,(3-8),10,PUERTOLIBRE,Cundinamarca,PuertoSalgar,MagdalenaCauca,RíoNegro,4819874,2194535
23060160,87,(3-8),10,SANPABLO,Cundinamarca,Caparrapí,MagdalenaCauca,RíoNegro,4838057,2164289
23060170,73,(2-8),12,PALMALA,Cundinamarca,LaPalma,MagdalenaCauca,RíoNegro,4846142,2149269
23060180,90,(2-9),6,PENONEL,Cundinamarca,ElPeÃ±ón,MagdalenaCauca,RíoNegro,4856600,2138645
23060190,86,(2-8),12,UTICA,Cundinamarca,íÅ¡tica,MagdalenaCauca,RíoNegro,4835423,2132352
23060260,64,(2-8),12,CHILAGUAFINCA,Cundinamarca,Nocaima,MagdalenaCauca,RíoNegro,4846857,2117797
23060270,5,(2-9),6,CABRERALA,Cundinamarca,Pacho,MagdalenaCauca,RíoNegro,4872586,2125339
23060290,67,(2-8),12,SILENCIOEL,Cundinamarca,Sasaima,MagdalenaCauca,RíoNegro,4843508,2107694
23060370,23,(2-8),12,ESTANCIALA,Cundinamarca,LaVega,MagdalenaCauca,RíoNegro,4848537,2106965
23065110,83,(3-9),15,YACOPIAut,Cundinamarca,Yacopí,MagdalenaCauca,RíoNegro,4850000,2164160
23065120,86,(2-9),6,CABRERALA,Cundinamarca,Pacho,MagdalenaCauca,RíoNegro,4873766,2126246
23065200,9,(2-8),12,TRAPICHEEL,Cundinamarca,Villeta,MagdalenaCauca,RíoNegro,4833339,2113799
23070010,54,(4-8),6,CLARODELUNA,Antioquia,Sonsón,MagdalenaCauca,DirectosMagdalenaMedioentreRíosLaMielyNare,4804996,2205981
23070020,66,(4-7),13,RIOCLARO,Antioquia,Sonsón,MagdalenaCauca,DirectosMagdalenaMedioentreRíosLaMielyNare,4795436,2205361
23080390,83,(5-7),20,SANTODOMINGO,Antioquia,SantoDomingo,MagdalenaCauca,RíoNare,4760785,2273245
23080490,33,(4-7),13,SANCARLOS,Antioquia,SanCarlos,MagdalenaCauca,RíoNare,4780631,2243498
23080630,30,(5-7),20,TOPACIOEL,Antioquia,SanRafael,MagdalenaCauca,RíoNare,4780708,2263768
23080640,93,(4-6),19,MARINILLA,Antioquia,Marinilla,MagdalenaCauca,RíoNare,4742476,2240455
23080650,92,(4-6),19,CAMPOALEGRE,Antioquia,CarmenDeViboral,MagdalenaCauca,RíoNare,4741587,2229698
23080660,25,(5-7),20,MORROEL,Antioquia,SantoDomingo,MagdalenaCauca,RíoNare,4764154,2273049
23080680,29,(5-7),20,ALEJANDRIA,Antioquia,Alejandría,MagdalenaCauca,RíoNare,4762272,2263842
23080720,64,(5-8),9,CANTERAS,Antioquia,PuertoNare,MagdalenaCauca,RíoNare,4814846,2251800
23080730,47,(5-7),20,TEJAREL,Antioquia,SanRafael,MagdalenaCauca,RíoNare,4775141,2254576
23080740,89,(5-7),20,CONCEPCION,Antioquia,Concepción,MagdalenaCauca,RíoNare,4750202,2265399
23080750,88,(4-7),13,COCORNA,Antioquia,Cocorná,MagdalenaCauca,RíoNare,4758514,2227367
23080760,88,(5-7),20,SANROQUE,Antioquia,SanRoque,MagdalenaCauca,RíoNare,4777030,2275300
23080790,37,(4-6),19,LINDALA,Antioquia,CarmenDeViboral,MagdalenaCauca,RíoNare,4747317,2215985
23080800,36,(4-7),13,PATIOBONITO,Antioquia,SanCarlos,MagdalenaCauca,RíoNare,4789845,2241622
23080810,66,(4-7),13,JORDANEL,Antioquia,SanCarlos,MagdalenaCauca,RíoNare,4797825,2248909
23080820,63,(4-7),13,TAFETANES,Antioquia,Granada,MagdalenaCauca,RíoNare,4765734,2237664
23080910,15,(4-7),13,MEDIOSLOS,Antioquia,Granada,MagdalenaCauca,RíoNare,4769537,2236169
23080920,55,(4-6),19,SANTUARIO,Antioquia,Santuario,MagdalenaCauca,RíoNare,4748876,2235884
23080930,20,(4-7),13,POPOEL,Antioquia,SanCarlos,MagdalenaCauca,RíoNare,4780631,2243498
23080940,46,(5-7),20,PRESASANLORENZO,Antioquia,Alejandría,MagdalenaCauca,RíoNare,4779222,2263912
23080950,20,(5-7),20,VIENTOEL,Antioquia,Alejandría,MagdalenaCauca,RíoNare,4767811,2265662
23085010,5,(4-7),13,CALDERAS,Antioquia,SanCarlos,MagdalenaCauca,RíoNare,4771389,2238005
23085030,63,(5-7),20,ALEJANDRIA,Antioquia,Alejandría,MagdalenaCauca,RíoNare,4763000,2263056
23085080,87,(5-7),20,GranjaExperimentalElNusAut,Antioquia,SanRoque,MagdalenaCauca,RíoNare,4796967,2274791
23085100,3,(4-6),19,CARMELOELHACIENDA,Antioquia,LaCeja,MagdalenaCauca,RíoNare,4734439,2225256
23085110,87,(4-7),13,PENOLEL,Antioquia,PeÃ±ol,MagdalenaCauca,RíoNare,4752091,2245184
23085130,11,(4-7),13,SANCARLOS,Antioquia,SanCarlos,MagdalenaCauca,RíoNare,4780631,2243498
23085140,87,(4-7),13,SANFRANCISCO,Antioquia,SanFrancisco,MagdalenaCauca,RíoNare,4767543,2217432
23085160,81,(5-7),20,CORRIENTES,Antioquia,SanVicente,MagdalenaCauca,RíoNare,4750782,2255997
23085210,54,(5-7),20,VIOLETASLAS,Antioquia,SanRafael,MagdalenaCauca,RíoNare,4778543,2259968
23085220,68,(4-7),13,SANCARLOS,Antioquia,SanCarlos,MagdalenaCauca,RíoNare,4774463,2238841
23085260,81,(4-6),19,LASELVAAut,Antioquia,Rionegro,MagdalenaCauca,RíoNare,4732876,2236166
23085270,74,(4-6),19,Aerop.J.M.CORDOVAAut,Antioquia,Rionegro,MagdalenaCauca,RíoNare,4731186,2240386
23090020,84,(5-8),9,VIRGINIAS,Antioquia,PuertoBerRío,MagdalenaCauca,RióSanBartoloyotrosdirectosalMagdalenaMedio,4814061,2264780
23090040,14,(5-8),9,PUERTOBERRIO,Antioquia,PuertoBerRío,MagdalenaCauca,RióSanBartoloyotrosdirectosalMagdalenaMedio,4845256,2276452
23090080,0,(5-8),9,PUERTOBERRIO,Antioquia,PuertoBerRío,MagdalenaCauca,RióSanBartoloyotrosdirectosalMagdalenaMedio,4845256,2276452
23090090,13,(5-8),9,POZOSLOS,Antioquia,PuertoBerRío,MagdalenaCauca,DirectosalMagdalenaMedioentreRíosNegro,4847099,2276447
23090100,32,(5-8),9,SANJUANBEDUTH,Antioquia,PuertoBerRío,MagdalenaCauca,RióSanBartoloyotrosdirectosalMagdalenaMedio,4839760,2287521
23090110,69,(5-8),9,MURILLO,Antioquia,PuertoBerRío,MagdalenaCauca,RióSanBartoloyotrosdirectosalMagdalenaMedio,4845810,2287841
23095010,72,(5-8),9,AEROPUERTOPUERTOBERRIO,Antioquia,PuertoBerRío,MagdalenaCauca,RióSanBartoloyotrosdirectosalMagdalenaMedio,4843894,2272587
23100030,98,(6-8),8,TIGREEL,Antioquia,Vegachí,MagdalenaCauca,RióSanBartoloyotrosdirectosalMagdalenaMedio,4802752,2314226
23100040,87,(5-7),20,YOLOMBO,Antioquia,Yolombó,MagdalenaCauca,RióSanBartoloyotrosdirectosalMagdalenaMedio,4777750,2287103
23100050,46,(6-8),8,BODEGALA,Antioquia,PuertoBerRío,MagdalenaCauca,RióSanBartoloyotrosdirectosalMagdalenaMedio,4844218,2300312
23100070,60,(5-8),9,RAMBLAS,Antioquia,Yondó(Casabe),MagdalenaCauca,RióSanBartoloyotrosdirectosalMagdalenaMedio,4848524,2292224
23100080,29,(5-9),8,SANTACLARA,Antioquia,Yondó(Casabe),MagdalenaCauca,RíoCimitarrayotrosdirectosalMagdalena,4854512,2293006
23105020,4,(6-8),8,AMPAROEL,Antioquia,Yondó(Casabe),MagdalenaCauca,RióSanBartoloyotrosdirectosalMagdalenaMedio,4845329,2302243
23105030,82,(6-8),8,VEGACHI,Antioquia,Vegachí,MagdalenaCauca,RióSanBartoloyotrosdirectosalMagdalenaMedio,4801525,2306894
23110010,1,(4-8),6,PUERTOBOYACA,Boyacá,PuertoBoyacá,MagdalenaCauca,DirectosalMagdalenaMedioentreRíosNegro,4822961,2215720
23110030,88,(4-8),6,PUERTONINO,Boyacá,PuertoBoyacá,MagdalenaCauca,DirectosalMagdalenaMedioentreRíosNegro,4842681,2214287
23110040,87,(4-8),6,TRIQUEEL,Boyacá,PuertoBoyacá,MagdalenaCauca,DirectosalMagdalenaMedioentreRíosNegro,4826443,2208070
23110060,68,(4-9),2,PADILLA,Santander,Cimitarra,MagdalenaCauca,DirectosalMagdalenaMedioentreRíosNegro,4852570,2242567
23115010,73,(4-8),6,PUERTOBOYACA,Boyacá,PuertoBoyacá,MagdalenaCauca,DirectosalMagdalenaMedioentreRíosNegro,4826659,2218841
23115020,11,(4-8),6,PADILLA,Santander,Cimitarra,MagdalenaCauca,DirectosalMagdalenaMedioentreRíosNegro,4848854,2243283
23120010,83,(5-10),5,VERDELA,Santander,Cimitarra,MagdalenaCauca,RíoCarare(Minero),4900541,2266656
23120050,94,(3-9),15,MUZO,Boyacá,Muzo,MagdalenaCauca,RíoCarare(Minero),4878070,2169699
23120070,46,(5-9),8,PUERTOARAUJO,Santander,Cimitarra,MagdalenaCauca,RíoCarare(Minero),4876586,2280058
23120080,12,(3-9),15,BORBUR1,Boyacá,SanPabloDeBorbur,MagdalenaCauca,RíoCarare(Minero),4881920,2182422
23120090,10,(4-10),8,LANDAZURI,Santander,Vélez,MagdalenaCauca,RíoCarare(Minero),4909689,2244999
23120100,10,(3-9),15,ALBANIA,Santander,Albania,MagdalenaCauca,RíoCarare(Minero),4898550,2197129
23120140,41,(3-9),15,PAUNA,Boyacá,Pauna,MagdalenaCauca,RíoCarare(Minero),4891145,2182406
23120150,4,(3-9),15,MARIPI,Boyacá,Maripí,MagdalenaCauca,RíoCarare(Minero),4887436,2171361
23120180,1,(5-9),8,CIMITARRA,Santander,Cimitarra,MagdalenaCauca,RíoCarare(Minero),4894963,2256075
23120200,75,(5-9),8,PUERTOARAUJOALERTAS,Santander,Cimitarra,MagdalenaCauca,RíoCarare(Minero),4880362,2280111
23120210,77,(3-9),15,COPER,Boyacá,Coper,MagdalenaCauca,RíoCarare(Minero),4884183,2163041
23120220,78,(4-9),2,PRADERALA,Santander,JesúsMaría,MagdalenaCauca,RíoCarare(Minero),4898934,2206798
23120240,98,(3-9),15,PAIME,Cundinamarca,Paime,MagdalenaCauca,RíoCarare(Minero),4872120,2151649
23120250,87,(3-9),15,BORBUR2,Boyacá,SanPabloDeBorbur,MagdalenaCauca,RíoCarare(Minero),4881692,2182383
23120260,10,(3-9),15,OTANCHE,Boyacá,Otanche,MagdalenaCauca,RíoCarare(Minero),4868864,2183743
23125040,87,(5-9),8,CAMPOCAPOTE,Santander,PuertoParra,MagdalenaCauca,RíoOpón,4898279,2289162
23125050,83,(5-9),8,CARARE,Santander,PuertoParra,MagdalenaCauca,RíoCarare(Minero),4882723,2292877
23125060,84,(3-9),15,ALBANIA,Santander,Albania,MagdalenaCauca,RíoCarare(Minero),4898914,2194366
23125070,55,(2-9),6,SANCAYETANO,Cundinamarca,SanCayetano,MagdalenaCauca,RíoCarare(Minero),4881851,2143742
23125080,88,(3-9),15,OTANCHE,Boyacá,Otanche,MagdalenaCauca,RíoCarare(Minero),4868864,2183743
23125090,54,(3-9),15,PAUNA,Boyacá,Pauna,MagdalenaCauca,RíoCarare(Minero),4891401,2182347
23125100,96,(3-9),15,BUENAVISTA,Boyacá,Buenavista,MagdalenaCauca,RíoCarare(Minero),4895575,2167471
23125110,4,(5-9),8,PORTUGALHACIENDA,Santander,Cimitarra,MagdalenaCauca,RíoCarare(Minero),4883947,2276358
23125120,82,(5-9),8,CIMITARRA,Santander,Cimitarra,MagdalenaCauca,RíoCarare(Minero),4894716,2255185
23125130,78,(4-10),8,LANDAZURI,Santander,Landázuri,MagdalenaCauca,RíoCarare(Minero),4910550,2245520
23125140,55,(3-9),15,Aerop.FuratenaAut,Boyacá,Quípama,MagdalenaCauca,RíoCarare(Minero),4869076,2168172
23125150,41,(2-9),6,VILLAGOMEZ,Cundinamarca,Villagómez,MagdalenaCauca,RíoCarare(Minero),4867431,2140646
23130010,99,(6-9),4,CHUCURI,Santander,Barrancabermeja,MagdalenaCauca,RíoOpón,4886092,2318105
23140030,8,(5-10),5,CARMENEL,Santander,ElCarmen,MagdalenaCauca,RíoOpón,4943656,2297968
23140060,8,(5-10),5,MELITOSALA,Santander,Simacota,MagdalenaCauca,RíoOpón,4911604,2291042
23140070,69,(6-10),5,DOSBOCASHACIENDA,Santander,ElCarmen,MagdalenaCauca,RíoOpón,4931912,2306331
23145020,84,(5-10),5,CARMENEL,Santander,ElCarmen,MagdalenaCauca,RíoOpón,4943656,2297968
23147020,77,(6-9),4,PUENTEFERROCARRIL,Santander,Simacota,MagdalenaCauca,RíoOpón,4896716,2306571
23155030,97,(6-10),5,AEROPUERTOYARIGUIES,Santander,Barrancabermeja,MagdalenaCauca,RíoOpón,4910725,2334481
23155040,86,(6-10),5,CENTROEL,Santander,Barrancabermeja,MagdalenaCauca,RíoOpón,4915502,2316036
23160010,88,(6-9),4,YONDO,Antioquia,Yondó(Casabe),MagdalenaCauca,RíoCimitarrayotrosdirectosalMagdalena,4895772,2341478
23170030,32,(7-9),5,YANACUE,Bolívar,Cantagallo,MagdalenaCauca,RíoCimitarrayotrosdirectosalMagdalena,4889659,2364762
23170050,21,(6-9),4,SANTODOMINGO,Bolívar,Cantagallo,MagdalenaCauca,RíoCimitarrayotrosdirectosalMagdalena,4865695,2344557
23170060,23,(7-9),5,MONTERRUBIOFINCA,Bolívar,Cantagallo,MagdalenaCauca,RíoCimitarrayotrosdirectosalMagdalena,4884150,2368458
23175020,93,(6-8),8,AEROPUERTOOTU,Antioquia,Remedios,MagdalenaCauca,RíoCimitarrayotrosdirectosalMagdalena,4810485,2333133
23180020,98,(7-10),18,PUERTOWILCHES,Santander,PuertoWilches,MagdalenaCauca,RíoLebrijayotrosdirectosalMagdalena,4901471,2370109
23180030,53,(7-10),18,CASANUEVA,Santander,SabanaDeTorres,MagdalenaCauca,RíoLebrijayotrosdirectosalMagdalena,4939346,2390462
23180040,90,(7-10),18,PORVENIREL,Santander,SabanaDeTorres,MagdalenaCauca,RíoLebrijayotrosdirectosalMagdalena,4946750,2381551
23180050,89,(7-10),18,ESTABLOEL,Santander,SabanaDeTorres,MagdalenaCauca,RíoLebrijayotrosdirectosalMagdalena,4934048,2391359
23180060,55,(7-10),18,RETIRADALA,Santander,SabanaDeTorres,MagdalenaCauca,RíoLebrijayotrosdirectosalMagdalena,4937506,2388622
23180070,96,(7-10),18,SABANADETORRES,Santander,SabanaDeTorres,MagdalenaCauca,RíoLebrijayotrosdirectosalMagdalena,4946007,2374614
23180080,90,(7-10),18,ELOYVALENZUELA,Santander,SabanaDeTorres,MagdalenaCauca,RíoLebrijayotrosdirectosalMagdalena,4925186,2385631
23180100,90,(8-10),4,SITIONUEVO,Santander,PuertoWilches,MagdalenaCauca,RíoLebrijayotrosdirectosalMagdalena,4911735,2418133
23180110,89,(7-10),18,PATURIA,Santander,PuertoWilches,MagdalenaCauca,RíoLebrijayotrosdirectosalMagdalena,4908999,2396342
23180120,88,(7-9),5,COQUERALA,Santander,PuertoWilches,MagdalenaCauca,RíoLebrijayotrosdirectosalMagdalena,4898562,2356208
23185010,96,(7-10),18,VILLALEIVA,Santander,SabanaDeTorres,MagdalenaCauca,RíoLebrijayotrosdirectosalMagdalena,4940745,2381926
23190110,84,(8-11),5,LIBANOEL,Cesar,SanAlberto,MagdalenaCauca,RíoLebrijayotrosdirectosalMagdalena,4952828,2424121
23190120,4,(7-11),18,MATANZA,Santander,Matanza,MagdalenaCauca,RíoLebrijayotrosdirectosalMagdalena,4996322,2372006
23190140,99,(7-11),18,PLAYONEL,Santander,ElPlayón,MagdalenaCauca,RíoLebrijayotrosdirectosalMagdalena,4977787,2382847
23190210,61,(7-10),18,MAGARA,Santander,SabanaDeTorres,MagdalenaCauca,RíoLebrijayotrosdirectosalMagdalena,4924867,2397113
23190240,11,(7-11),18,CNOSIETE,Santander,Rionegro,MagdalenaCauca,RíoLebrijayotrosdirectosalMagdalena,4950359,2375715
23190250,15,(7-11),18,CAMPOHERMOSO,Santander,Rionegro,MagdalenaCauca,RíoLebrijayotrosdirectosalMagdalena,4952202,2379396
23190260,94,(6-11),27,LAGUNALA,Santander,Lebrija,MagdalenaCauca,RíoLebrijayotrosdirectosalMagdalena,4976419,2340303
23190270,7,(6-11),27,LIMONCITO,Santander,Floridablanca,MagdalenaCauca,RíoLebrijayotrosdirectosalMagdalena,4988960,2337015
23190280,99,(6-11),27,PALOGORDO,Santander,Girón,MagdalenaCauca,RíoLebrijayotrosdirectosalMagdalena,4985308,2327899
23190310,3,(7-11),18,SANIGNACIO,Santander,Rionegro,MagdalenaCauca,RíoLebrijayotrosdirectosalMagdalena,4983447,2357275
23190320,55,(7-11),18,PROVINCIA,Santander,SabanaDeTorres,MagdalenaCauca,RíoLebrijayotrosdirectosalMagdalena,4952014,2375989
23190330,3,(6-11),27,BUENAVISTA,Santander,Piedecuesta,MagdalenaCauca,RíoLebrijayotrosdirectosalMagdalena,4994479,2331489
23190340,100,(7-11),18,MATAJIRA,Santander,Matanza,MagdalenaCauca,RíoLebrijayotrosdirectosalMagdalena,4992857,2355063
23190350,99,(7-11),18,LLANODEPALMAS,Santander,Rionegro,MagdalenaCauca,RíoLebrijayotrosdirectosalMagdalena,4978441,2358029
23190360,95,(7-11),18,PORTACHUELO,Santander,Rionegro,MagdalenaCauca,RíoLebrijayotrosdirectosalMagdalena,4981795,2367743
23190370,0,(7-11),18,MATANZA,Santander,Matanza,MagdalenaCauca,RíoLebrijayotrosdirectosalMagdalena,4996322,2372006
23190380,98,(7-11),18,PALMAS,Santander,Lebrija,MagdalenaCauca,RíoLebrijayotrosdirectosalMagdalena,4975954,2354819
23190400,96,(6-11),27,GALVICIALA,Santander,Floridablanca,MagdalenaCauca,RíoLebrijayotrosdirectosalMagdalena,4993683,2345240
23190410,4,(6-11),27,BRASILEL,Santander,Tona,MagdalenaCauca,RíoLebrijayotrosdirectosalMagdalena,4998160,2348064
23190420,44,(7-10),18,NORMALA,Santander,SabanaDeTorres,MagdalenaCauca,RíoLebrijayotrosdirectosalMagdalena,4937513,2394148
23190430,4,(6-11),27,PIEDECUESTA,Santander,Piedecuesta,MagdalenaCauca,RíoLebrijayotrosdirectosalMagdalena,4994479,2329647
23190440,90,(7-11),18,NARANJOEL,Santander,Lebrija,MagdalenaCauca,RíoLebrijayotrosdirectosalMagdalena,4966923,2354152
23190460,80,(7-10),18,PAPAYAL,Santander,Rionegro,MagdalenaCauca,RíoLebrijayotrosdirectosalMagdalena,4928454,2399563
23190470,13,(7-10),18,PALMERASHACIENDA,Santander,Rionegro,MagdalenaCauca,RíoLebrijayotrosdirectosalMagdalena,4941187,2392301
23190500,88,(8-11),5,SANALBERTO,Cesar,SanAlberto,MagdalenaCauca,RíoLebrijayotrosdirectosalMagdalena,4957198,2415460
23190510,87,(7-11),18,CAOBOEL,NortedeSantander,LaEsperanza,MagdalenaCauca,RíoLebrijayotrosdirectosalMagdalena,4963889,2397313
23190520,82,(8-11),5,DORADALA,Cesar,SanMartín,MagdalenaCauca,RíoLebrijayotrosdirectosalMagdalena,4951561,2441528
23190530,40,(7-11),18,COOPERATIVALA,Santander,SabanaDeTorres,MagdalenaCauca,RíoLebrijayotrosdirectosalMagdalena,4950365,2381240
23190540,82,(8-11),5,VEGALA,NortedeSantander,Cáchira,MagdalenaCauca,RíoLebrijayotrosdirectosalMagdalena,4980094,2403412
23190550,2,(8-10),4,SAMARKANDA,Santander,Rionegro,MagdalenaCauca,RíoLebrijayotrosdirectosalMagdalena,4941207,2408878
23190560,85,(7-10),18,SANRAFAEL,Santander,SabanaDeTorres,MagdalenaCauca,RíoLebrijayotrosdirectosalMagdalena,4938280,2395006
23190570,10,(7-11),18,TAMBORELHACIENDA,Santander,Rionegro,MagdalenaCauca,RíoLebrijayotrosdirectosalMagdalena,4972416,2364647
23190580,75,(9-10),4,SANDANIELHACIENDA,Cesar,RíoDeOro,MagdalenaCauca,RíoLebrijayotrosdirectosalMagdalena,4931852,2451852
23190590,82,(6-11),27,FLORESTALA,Santander,Bucaramanga,MagdalenaCauca,RíoLebrijayotrosdirectosalMagdalena,4986324,2341466
23190600,98,(6-11),27,PANTANOEL,Santander,Girón,MagdalenaCauca,RíoLebrijayotrosdirectosalMagdalena,4974575,2331218
23190690,0,(6-12),2,MARIANALAHACIENDA,Santander,Tona,MagdalenaCauca,RíoLebrijayotrosdirectosalMagdalena,5000000,2344380
23190700,98,(6-11),27,PIEDECUESTAGRANJA,Santander,Piedecuesta,MagdalenaCauca,RíoLebrijayotrosdirectosalMagdalena,4992516,2330752
23190710,72,(8-10),4,BARRANCALEBRIJA,Cesar,Aguachica,MagdalenaCauca,RíoLebrijayotrosdirectosalMagdalena,4920199,2443371
23190800,9,(6-11),27,HIMATR11,Santander,Bucaramanga,MagdalenaCauca,RíoLebrijayotrosdirectosalMagdalena,4985282,2344382
23190830,47,(6-11),27,BUCARAMANGAIDEAM,Santander,Bucaramanga,MagdalenaCauca,RíoLebrijayotrosdirectosalMagdalena,4986938,2345671
23195030,9,(6-11),27,AEROPUERTOGOMEZNINO,Santander,Bucaramanga,MagdalenaCauca,RíoLebrijayotrosdirectosalMagdalena,4985283,2346224
23195040,62,(6-11),27,UNIVERSIDADINDUSTRIALSANTANDER,Santander,Bucaramanga,MagdalenaCauca,RíoLebrijayotrosdirectosalMagdalena,4986510,2347482
23195050,3,(6-11),27,VIVEROCHIMITA,Santander,Bucaramanga,MagdalenaCauca,RíoLebrijayotrosdirectosalMagdalena,4983443,2344383
23195060,11,(6-12),2,MARIANALA,Santander,Tona,MagdalenaCauca,RíoLebrijayotrosdirectosalMagdalena,5000000,2344380
23195070,0,(7-10),18,MAGARA,Santander,Rionegro,MagdalenaCauca,RíoLebrijayotrosdirectosalMagdalena,4935680,2397834
23195080,12,(7-11),18,URBINALA,Santander,Lebrija,MagdalenaCauca,RíoLebrijayotrosdirectosalMagdalena,4961392,2377547
23195110,89,(6-11),27,LlanoGrandeAut,Santander,Girón,MagdalenaCauca,RíoLebrijayotrosdirectosalMagdalena,4981538,2334316
23195120,1,(7-11),18,SABANADETORRES,Santander,SabanaDeTorres,MagdalenaCauca,RíoLebrijayotrosdirectosalMagdalena,4955875,2375709
23195140,24,(8-10),4,LLANALA,Cesar,SanAlberto,MagdalenaCauca,RíoLebrijayotrosdirectosalMagdalena,4941212,2412561
23195170,32,(7-11),18,PROVINCIA,Santander,SabanaDeTorres,MagdalenaCauca,RíoLebrijayotrosdirectosalMagdalena,4952014,2375989
23195190,1,(6-11),27,SANANTONIOSANTANDER,Santander,Floridablanca,MagdalenaCauca,RíoLebrijayotrosdirectosalMagdalena,4992693,2342487
23195502,87,(6-11),27,AEROPUERTOPALONEGRO,Santander,Lebrija,MagdalenaCauca,RíoLebrijayotrosdirectosalMagdalena,4979632,2344915
23197190,3,(6-11),27,PIEDECUESTA,Santander,Piedecuesta,MagdalenaCauca,RíoLebrijayotrosdirectosalMagdalena,4996319,2329647
23200010,89,(8-9),5,SIMITI,Bolívar,Simití,MagdalenaCauca,DirectosalMagdalena(BrazoMorales),4895276,2437724
23200020,9,(8-9),5,LosCanelos,Bolívar,SantaRosaDelSur,MagdalenaCauca,DirectosalMagdalena(BrazoMorales),4871435,2427438
23200060,78,(8-9),5,SANTODOMINGO,Bolívar,SanPablo,MagdalenaCauca,DirectosalMagdalena(BrazoMorales),4896153,2405701
23200070,28,(7-9),5,TIERRABUENAFINCA,Bolívar,SanPablo,MagdalenaCauca,DirectosalMagdalena(BrazoMorales),4869491,2388758
23205020,84,(7-9),5,COLCOOPERATIVO,Bolívar,SanPablo,MagdalenaCauca,DirectosalMagdalena(BrazoMorales),4897914,2384085
23205030,86,(8-9),5,SANTAROSADSIMITI,Bolívar,SantaRosaDelSur,MagdalenaCauca,DirectosalMagdalena(BrazoMorales),4883311,2438305
23205040,32,(9-10),4,MORALESLaCruz,Bolívar,Morales,MagdalenaCauca,DirectosalMagdalena(BrazoMorales),4904595,2473408
23205050,70,(8-9),5,CANELOSAut,Bolívar,SantaRosaDelSur,MagdalenaCauca,DirectosalMagdalena(BrazoMorales),4863252,2429534
23210010,100,(9-10),4,PUERTOMOSQUITO,Cesar,Gamarra,MagdalenaCauca,QuebradaElCarmenyOtrosDirectosalMagdalena,4916837,2462515
23210160,79,(9-10),4,GAMARRA,Cesar,Gamarra,MagdalenaCauca,QuebradaElCarmenyOtrosDirectosalMagdalena,4918793,2478168
24010150,93,(3-10),3,SIMIJACA,Cundinamarca,Simijaca,MagdalenaCauca,RíoSuárez,4904368,2167058
24010210,98,(4-10),8,JESUSMARIA,Santander,JesúsMaría,MagdalenaCauca,RíoSuárez,4913505,2207052
24010220,10,(5-11),13,CHIMA,Santander,Chima,MagdalenaCauca,RíoSuárez,4959279,2260230
24010610,71,(2-9),6,CARMENDECARUPA,Cundinamarca,CarmenDeCarupa,MagdalenaCauca,RíoSuárez,4899826,2149380
24010640,87,(4-10),8,BOLIVAR,Santander,Bolivar,MagdalenaCauca,RíoSuárez,4914721,2219513
24010660,90,(5-11),13,SIMACOTA,Santander,Simacota,MagdalenaCauca,RíoSuárez,4963094,2270019
24010670,88,(4-10),8,SUCRE,Santander,Sucre,MagdalenaCauca,RíoSuárez,4911883,2212181
24010740,37,(5-11),13,RODEOELHACIENDA,Santander,Chima,MagdalenaCauca,RíoSuárez,4959465,2261519
24010750,82,(4-10),8,MIRAVALLES,Boyacá,Moniquirá,MagdalenaCauca,RíoSuárez,4932600,2212830
24010780,10,(5-11),13,SOCORRO,Santander,Socorro,MagdalenaCauca,RíoSuárez,4970523,2268879
24010820,75,(4-10),8,GUAVATA,Santander,Guavatá,MagdalenaCauca,RíoSuárez,4922278,2216771
24011010,2,(3-10),3,SIMIJACA,Cundinamarca,Simijaca,MagdalenaCauca,RíoSuárez,4905901,2178699
24011070,70,(5-10),5,SANTUARIOEL,Santander,ElGuacamayo,MagdalenaCauca,RíoSuárez,4948344,2256770
24015250,89,(4-11),1,LAJALA,Santander,Guadalupe,MagdalenaCauca,RíoSuárez,4954067,2247213
24015260,89,(5-11),13,CHIMA,Santander,Chima,MagdalenaCauca,RíoSuárez,4959279,2260230
24015270,94,(4-10),8,VELEZGRANJA,Santander,Vélez,MagdalenaCauca,RíoSuárez,4925571,2220727
24015360,89,(3-10),3,SABOYALAGRANJA,Boyacá,Saboyá,MagdalenaCauca,RíoSuárez,4915987,2187477
24015370,6,(5-11),13,HACIENDAMAJAVITAUL,Santander,Socorro,MagdalenaCauca,RíoSuárez,4972524,2273129
24015380,17,(2-10),1,CARMENDECARUPAAut,Cundinamarca,CarmenDeCarupa,MagdalenaCauca,RíoSuárez,4900505,2148931
24020150,61,(5-11),13,MAMONALELHACIENDA,Santander,SanGil,MagdalenaCauca,RíoFonce,4988268,2284711
24025020,94,(5-11),13,CUCHAROEL,Santander,Pinchote,MagdalenaCauca,RíoFonce,4977989,2279803
24040050,92,(5-11),13,SANTAISABEL,Santander,Barichara,MagdalenaCauca,RíoSuárez,4977595,2292203
24040060,80,(5-11),13,REMOLINO,Santander,Cabrera,MagdalenaCauca,RíoSuárez,4969490,2287971
24050060,100,(6-11),27,SANVICENTE,Santander,SanVicenteDeChucurí,MagdalenaCauca,RíoSogamoso,4954628,2317449
24050070,90,(6-10),5,PUTANALA,Santander,SanVicenteDeChucurí,MagdalenaCauca,RíoSogamoso,4942542,2345573
24050080,20,(5-11),13,PALMAREL,Santander,Palmar,MagdalenaCauca,RíoSuárez,4968688,2281772
24050100,91,(5-11),13,FUENTELA,Santander,Zapatoca,MagdalenaCauca,RíoSuárez,4969079,2299148
24050110,90,(6-10),5,ALBANIA,Santander,SanVicenteDeChucurí,MagdalenaCauca,RíoSogamoso,4930183,2321804
24055030,88,(6-11),27,ZAPATOCA,Santander,Zapatoca,MagdalenaCauca,RíoSogamoso,4968768,2308599
24055040,69,(5-11),13,PALMAREL,Santander,Palmar,MagdalenaCauca,RíoSuárez,4967731,2281741
24060010,0,(6-11),27,PARROQUIALA,Santander,Girón,MagdalenaCauca,RíoSogamoso,4963816,2339942
24060040,87,(7-10),18,AGUASCLARAS,Santander,SabanaDeTorres,MagdalenaCauca,RíoSogamoso,4939524,2360716
24060050,92,(6-11),27,MESALA,Santander,LosSantos,MagdalenaCauca,RíoSogamoso,4989751,2304877
24060060,60,(6-11),27,PUENTELAPAZ,Santander,Girón,MagdalenaCauca,RíoSogamoso,4953700,2343511
24060070,78,(6-11),27,PARROQUIALA,Santander,Girón,MagdalenaCauca,RíoSogamoso,4963816,2339942
24060080,70,(7-10),18,PAYOA5,Santander,SabanaDeTorres,MagdalenaCauca,RíoSogamoso,4945839,2361384
24065010,83,(7-10),18,BRISASLASHACIENDA,Santander,PuertoWilches,MagdalenaCauca,RíoSogamoso,4912822,2358760
24065020,10,(6-11),27,ESPERANZALAHACIENDA,Santander,Girón,MagdalenaCauca,RíoSogamoso,4966882,2338866
24065030,26,(6-11),27,TRIGUEROSHACIENDA,Santander,Girón,MagdalenaCauca,RíoSogamoso,4960474,2339975
25010010,59,(8-6),10,PUERTOLIBERTADOR,Córdoba,PuertoLibertador,MagdalenaCauca,CaucaAltoSanJorge,4704601,2430817
25010060,79,(8-6),10,URE,Córdoba,SanJoseDeUre,MagdalenaCauca,CaucaAltoSanJorge,4723436,2428583
25010080,86,(8-6),10,PicaPicaAut,Córdoba,Montelíbano,MagdalenaCauca,CaucaAltoSanJorge,4704701,2446274
25010090,4,(8-6),10,MONTELIBANO,Córdoba,Montelíbano,MagdalenaCauca,CaucaAltoSanJorge,4726387,2446506
25010100,87,(9-5),10,SANFRANCISCO,Córdoba,Montelíbano,Caribe,MedioSinú,4695954,2457303
25010110,68,(8-6),10,ACACIASLASHACIENDA,Córdoba,PuertoLibertador,MagdalenaCauca,CaucaAltoSanJorge,4708298,2443607
25015010,82,(9-6),6,CENTROALEGRE,Córdoba,PlanetaRica,MagdalenaCauca,CaucaSanJorgeLaMojana,4710071,2462919
25020030,97,(10-8),14,GUACAMAYO,Bolívar,Achí,MagdalenaCauca,CaucaSanJorgeLaMojana,4833711,2522691
25020140,98,(10-6),13,SAHAGUNAut,Córdoba,Sahagún,Caribe,BajoSinú,4730702,2547873
25020160,8,(10-7),9,SANMARCOS,Sucre,SanMarcos,MagdalenaCauca,CaucaSanJorgeLaMojana,4765327,2512638
25020310,1,(9-7),4,NECHI,Antioquia,Nechí,MagdalenaCauca,CaucaSanJorgeLaMojana,4798065,2453499
25020330,87,(9-8),16,CAIMITAL,Bolívar,SanJacintoDelCauca,MagdalenaCauca,CaucaSanJorgeLaMojana,4827285,2482826
25020340,0,(10-8),14,MAJAGUAL,Sucre,Majagual,MagdalenaCauca,CaucaSanJorgeLaMojana,4818463,2501319
25020350,97,(9-8),16,GUARANDA,Bolívar,Achí,MagdalenaCauca,CaucaSanJorgeLaMojana,4830368,2496786
25020370,83,(8-7),11,MONEDALAHACIENDA,Antioquia,Caucasia,MagdalenaCauca,DirectosalCaucaentrePtoValdiviayRíoNechí,4786033,2446552
25020380,10,(10-8),14,PINILLOS,Bolívar,Pinillos,MagdalenaCauca,DirectosBajoMagdalenaentreElBancoyElPlato,4839778,2543026
25020410,95,(9-8),16,CANDELARIALA,Bolívar,SanJacintoDelCauca,MagdalenaCauca,CaucaSanJorgeLaMojana,4809644,2466654
25020420,64,(9-8),16,VARASLAS,Bolívar,SanJacintoDelCauca,MagdalenaCauca,CaucaSanJorgeLaMojana,4828304,2485432
25020450,13,(9-8),16,SANPEDROAut,Sucre,SanPedro,MagdalenaCauca,CaucaSanJorgeLaMojana,4842212,2475430
25020480,94,(9-7),4,PAJAROSLOS,Córdoba,Ayapel,MagdalenaCauca,CaucaSanJorgeLaMojana,4794394,2480113
25020490,5,(10-7),9,SANBENITOAVILLA,Sucre,SanBenitoAbad,MagdalenaCauca,CaucaSanJorgeLaMojana,4776511,2545752
25020500,97,(10-8),14,VILLACECILIAHACIENDA,Sucre,Sucre,MagdalenaCauca,CaucaSanJorgeLaMojana,4809863,2532621
25020510,34,(9-8),16,ALPESLOS,Bolívar,SanJacintoDelCauca,MagdalenaCauca,CaucaSanJorgeLaMojana,4829417,2488376
25020520,88,(9-6),6,BuenavistaAut,Córdoba,Buenavista,MagdalenaCauca,CaucaSanJorgeLaMojana,4728260,2467388
25020530,94,(8-7),11,LAILUSION,Antioquia,Caucasia,MagdalenaCauca,CaucaSanJorgeLaMojana,4769768,2445397
25020540,77,(8-8),7,PATIOBONITO,Antioquia,Nechí,MagdalenaCauca,BajoNechí(md),4812050,2445822
25020570,29,(10-7),9,PALITO,Sucre,SanBenitoAbad,MagdalenaCauca,CaucaSanJorgeLaMojana,4776522,2547595
25020600,65,(9-6),6,SajoniaHdaAut,Córdoba,PuebloNuevo,MagdalenaCauca,CaucaSanJorgeLaMojana,4713701,2497072
25020700,90,(8-6),10,APARTADALA,Córdoba,LaApartada,MagdalenaCauca,CaucaSanJorgeLaMojana,4742354,2448593
25020710,90,(9-6),6,CINTURA,Córdoba,PuebloNuevo,MagdalenaCauca,CaucaSanJorgeLaMojana,4749719,2489134
25020720,87,(10-6),13,JOBOELTABLON,Córdoba,Sahagún,MagdalenaCauca,CaucaSanJorgeLaMojana,4737784,2513231
25020740,83,(10-7),9,EUREKAHACIENDA,Sucre,SanMarcos,MagdalenaCauca,CaucaSanJorgeLaMojana,4778377,2512106
25020760,89,(11-7),1,SANTIAGOAPOSTOL,Sucre,SanBenitoAbad,MagdalenaCauca,CaucaSanJorgeLaMojana,4786754,2553590
25020780,84,(9-7),4,CECILIA,Córdoba,Ayapel,MagdalenaCauca,CaucaSanJorgeLaMojana,4776140,2493565
25020790,87,(10-8),14,PALMARITO,Sucre,Majagual,MagdalenaCauca,CaucaSanJorgeLaMojana,4811097,2521866
25020800,81,(10-8),14,BUENAVISTA,Bolívar,Achí,MagdalenaCauca,DirectosBajoCaucaCgaLaRayaentreRíoNechí,4831717,2505656
25020810,91,(9-8),16,ASTILLEROS,Bolívar,SanJacintoDelCauca,MagdalenaCauca,CaucaSanJorgeLaMojana,4823227,2474545
25020820,87,(10-8),14,ZAPATA,Sucre,Majagual,MagdalenaCauca,CaucaSanJorgeLaMojana,4813025,2509020
25020850,29,(9-8),16,REGENCIA,Bolívar,Montecristo,MagdalenaCauca,CaucaSanJorgeLaMojana,4818279,2457098
25020940,90,(9-8),16,VILLANUEVA,Sucre,Guaranda,MagdalenaCauca,CaucaSanJorgeLaMojana,4808949,2479187
25020950,87,(11-8),2,SANANTONIOALERTA,Bolívar,Magangué,MagdalenaCauca,CaucaSanJorgeLaMojana,4805521,2557396
25020970,86,(9-9),3,ARENAL,Bolívar,Arenal,MagdalenaCauca,DirectosalMagdalena(BrazoMorales),4896446,2492891
25020980,91,(10-7),9,CAIMITO,Sucre,Caimito,MagdalenaCauca,CaucaSanJorgeLaMojana,4766403,2530050
25021110,30,(9-9),3,DIAMANTEEL,Bolívar,Arenal,MagdalenaCauca,DirectosalMagdalena(BrazoMorales),4880767,2482677
25021120,21,(9-9),3,SERRANIASANLUCAS,Bolívar,Montecristo,MagdalenaCauca,DirectosalMagdalena(BrazoMorales),4851388,2475398
25021210,89,(10-6),13,TREMENTINO,Córdoba,Sahagún,MagdalenaCauca,CaucaSanJorgeLaMojana,4728407,2533509
25021280,76,(10-8),14,COYONGAL,Bolívar,Pinillos,MagdalenaCauca,DirectosBajoMagdalenaentreElBancoyElPlato,4834064,2549529
25021320,83,(10-9),3,ELSUDAN,Bolívar,Tiquisio(PuertoRico),MagdalenaCauca,CaucaSanJorgeDirectosBajoCaucaCgaLaRayaRíoNechí,4866918,2512930
25021360,90,(10-8),14,CAMPOALEGRE,Sucre,Sucre,MagdalenaCauca,CaucaSanJorgeLaMojana,4811843,2544620
25021370,85,(10-8),14,SANLUIS,Sucre,Sucre,MagdalenaCauca,CaucaSanJorgeLaMojana,4812248,2539858
25021390,65,(8-7),11,CAUCASIA,Antioquia,Caucasia,MagdalenaCauca,CaucaSanJorgeLaMojana,4757601,2442641
25021470,66,(10-7),9,HdaElTorno,Sucre,SanMarcos,MagdalenaCauca,CaucaSanJorgeLaMojana,4770092,2506315
25021480,82,(8-8),7,ESPERANZALARADIO,Antioquia,Nechí,MagdalenaCauca,DirectosalBajoNechí(mi),4802805,2445739
25021530,1,(9-8),16,TALADROEL,Bolívar,SanJacintoDelCauca,MagdalenaCauca,CaucaSanJorgeLaMojana,4809162,2471877
25021550,8,(9-6),6,PLANETARICA,Córdoba,PlanetaRica,MagdalenaCauca,CaucaSanJorgeLaMojana,4717472,2488965
25021560,87,(10-8),14,ISLADELCOCO,Sucre,Sucre,MagdalenaCauca,CaucaSanJorgeLaMojana,4802302,2542239
25021570,5,(10-7),9,FLORIDALA,Sucre,Majagual,MagdalenaCauca,CaucaSanJorgeLaMojana,4761669,2514502
25021660,53,(10-7),9,MIRASOL,Sucre,SanMarcos,MagdalenaCauca,CaucaSanJorgeLaMojana,4751671,2509122
25025030,90,(9-7),4,AyapelAut,Córdoba,Ayapel,MagdalenaCauca,CaucaSanJorgeLaMojana,4761683,2475250
25025040,32,(10-7),9,AEROPUERTOLAFLORIDA,Sucre,SanMarcos,MagdalenaCauca,CaucaSanJorgeLaMojana,4759866,2520042
25025130,1,(9-8),16,VICTORIALA,Bolívar,Achí,MagdalenaCauca,CaucaSanJorgeLaMojana,4809194,2479247
25025140,32,(9-8),16,NECHI,Antioquia,Nechí,MagdalenaCauca,BajoNechí(md),4805410,2453467
25025160,85,(8-6),10,CUBAHACIENDA,Córdoba,Montelíbano,MagdalenaCauca,CaucaSanJorgeLaMojana,4735249,2443196
25025170,85,(10-6),13,COLOMBOY,Córdoba,Sahagún,MagdalenaCauca,CaucaSanJorgeLaMojana,4725176,2524776
25025190,77,(9-6),6,PlanetaRicaAut,Córdoba,PlanetaRica,MagdalenaCauca,CaucaSanJorgeLaMojana,4715580,2487060
25025200,1,(9-8),16,TALADROEL,Bolívar,SanJacintoDelCauca,MagdalenaCauca,CaucaSanJorgeLaMojana,4809162,2471877
25025210,84,(10-8),14,PINILLOS,Bolívar,Pinillos,MagdalenaCauca,DirectosBajoMagdalenaentreElBancoyElPlato,4839778,2543026
25025220,44,(10-9),3,NOROSI,Bolívar,Ríoviejo,MagdalenaCauca,DirectosalMagdalena(BrazoMorales),4884486,2501088
25025230,50,(9-8),16,MONTECRISANTO,Bolívar,Montecristo,MagdalenaCauca,CaucaSanJorgeLaMojana,4836707,2475451
25025240,78,(10-8),14,MAJAGUAL,Sucre,Majagual,MagdalenaCauca,CaucaSanJorgeLaMojana,4820962,2502343
25027110,0,(10-8),14,SUCRE,Sucre,Sucre,MagdalenaCauca,CaucaSanJorgeLaMojana,4810654,2531911
25027530,84,(11-8),2,BARBOSA,Bolívar,Magangué,MagdalenaCauca,CaucaSanJorgeLaMojana,4820167,2555393
25027630,87,(10-9),3,RIONUEVO,Bolívar,BarrancoDeLoba,MagdalenaCauca,DirectosBajoMagdalenaentreElBancoyElPlato,4862092,2531706
25027910,81,(9-8),16,LARAYA,Bolívar,SanJacintoDelCauca,MagdalenaCauca,CaucaSanJorgeLaMojana,4828150,2480409
26100300,96,(1-5),14,OBANDO,ValledelCauca,Obando,MagdalenaCauca,RiosLasCaíÂ±asLosMicosyObando,4671013,2065718
26100830,77,(1-5),14,PALMASOLA,ValledelCauca,Cartago,MagdalenaCauca,RiosLasCaíÂ±asLosMicosyObando,4671522,2076759
26110070,58,(1-5),14,SANANTONIO,ValledelCauca,Toro,MagdalenaCauca,RiosPescadorRUTChancoCatarinayCaÃ±averal,4659831,2068870
26110120,94,(2-5),17,VILLANUEVA,ValledelCauca,ElíÂguila,MagdalenaCauca,RiosPescadorRUTChancoCatarinayCaÃ±averal,4663129,2108072
26110150,91,(1-5),14,LaInmaculada,ValledelCauca,Ansermanuevo,MagdalenaCauca,RiosPescadorRUTChancoCatarinayCaÃ±averal,4668425,2088011
26110160,93,(1-5),14,SANFRANCISCO,ValledelCauca,Toro,MagdalenaCauca,RiosPescadorRUTChancoCatarinayCaÃ±averal,4663299,2076400
26110300,78,(1-5),14,CEROS,ValledelCauca,Toro,MagdalenaCauca,RiosPescadorRUTChancoCatarinayCaÃ±averal,4663408,2068823
26115090,83,(1-5),14,LasBrisasAut,ValledelCauca,Ansermanuevo,Pacifico,RíoSipí,4651292,2086493
26120150,93,(1-5),14,ALCALA,ValledelCauca,Alcalá,MagdalenaCauca,RíoLaVieja,4690981,2075357
26120160,82,(1-6),24,SALENTO,Quindío,Salento,MagdalenaCauca,RíoLaVieja,4715064,2070820
26130020,95,(1-6),24,TERMALES,Risaralda,SantaRosaDeCabal,MagdalenaCauca,RíoOtúnyotrosdirectosalCauca,4716382,2093808
26130170,97,(1-6),24,POTREROS,Risaralda,SantaRosaDeCabal,MagdalenaCauca,RíoOtúnyotrosdirectosalCauca,4716399,2098386
26130180,97,(1-5),14,SANISIDRO,Risaralda,Pereira,MagdalenaCauca,RíoLaVieja,4683043,2089163
26130190,17,(1-6),24,BOQUERON,Risaralda,SantaRosaDeCabal,MagdalenaCauca,RíoOtúnyotrosdirectosalCauca,4704327,2092657
26130200,91,(2-5),17,RECUERDOEL,Risaralda,Marsella,MagdalenaCauca,RíoOtúnyotrosdirectosalCauca,4696063,2106969
26130220,81,(1-5),14,MARACAY,Risaralda,Pereira,MagdalenaCauca,RíoOtúnyotrosdirectosalCauca,4684744,2090394
26130270,4,(2-5),17,MarsellaIta,Risaralda,Marsella,MagdalenaCauca,RíoOtúnyotrosdirectosalCauca,4695125,2103755
26130540,52,(1-6),24,PLAYARICA,Risaralda,SantaRosaDeCabal,MagdalenaCauca,RíoOtúnyotrosdirectosalCauca,4712003,2084153
26130550,5,(1-6),24,BRISASLASHACIENDA,Risaralda,SantaRosaDeCabal,MagdalenaCauca,RíoOtúnyotrosdirectosalCauca,4720929,2081533
26130560,52,(1-6),24,PEZFRESCO,Risaralda,SantaRosaDeCabal,MagdalenaCauca,RíoOtúnyotrosdirectosalCauca,4714394,2081490
26130570,30,(1-6),24,NUEVOLIBARE,Risaralda,Pereira,MagdalenaCauca,RíoOtúnyotrosdirectosalCauca,4706616,2086976
26135040,98,(1-5),14,AEROPUERTOMATECANA,Risaralda,Pereira,MagdalenaCauca,RíoOtúnyotrosdirectosalCauca,4696490,2090755
26135080,3,(1-6),24,UNIVPEREIRAUTP,Risaralda,Pereira,MagdalenaCauca,RíoLaVieja,4700614,2088984
26135090,26,(2-5),17,JARDINBOTANICO,Risaralda,Marsella,MagdalenaCauca,RíoOtúnyotrosdirectosalCauca,4696974,2103748
26135100,89,(1-5),14,BOHEMIALA,Risaralda,Pereira,MagdalenaCauca,RíoOtúnyotrosdirectosalCauca,4680946,2097697
26135110,63,(1-6),24,VERACRUZ,Risaralda,SantaRosaDeCabal,MagdalenaCauca,RíoOtúnyotrosdirectosalCauca,4708653,2096434
26135120,14,(2-5),17,MarsellaIta,Risaralda,Marsella,MagdalenaCauca,RíoOtúnyotrosdirectosalCauca,4695125,2103755
26135140,38,(1-6),24,LAGUNALA,Risaralda,Pereira,MagdalenaCauca,RíoOtúnyotrosdirectosalCauca,4732503,2086257
26135150,2,(1-6),24,MIRANDALA,Risaralda,SantaRosaDeCabal,MagdalenaCauca,RíoOtúnyotrosdirectosalCauca,4717278,2094450
26135160,57,(1-6),24,SANREMO,Risaralda,SantaRosaDeCabal,MagdalenaCauca,RíoOtúnyotrosdirectosalCauca,4713949,2093541
26135170,3,(1-6),24,ElBoquerón,Risaralda,SantaRosaDeCabal,MagdalenaCauca,RíoOtúnyotrosdirectosalCauca,4735742,2087010
26135230,0,(1-6),24,PICOPARAMOSANTAR,Risaralda,SantaRosaDeCabal,MagdalenaCauca,RíoOtúnyotrosdirectosalCauca,4728346,2087036
26135330,0,(1-6),24,LaLagunadelOtunAut,Risaralda,Pereira,MagdalenaCauca,RíoOtúnyotrosdirectosalCauca,4732503,2086251
26140080,57,(2-5),17,TAIJARAALEJANDRIA,Risaralda,Guática,MagdalenaCauca,RíoRisaralda,4686880,2142231
26140090,96,(2-5),17,TAPARCAL,Risaralda,BelénDeUmbría,MagdalenaCauca,RíoRisaralda,4682726,2129665
26140110,84,(2-5),17,SANCLEMENTE,Risaralda,Guática,MagdalenaCauca,RíoRisaralda,4691131,2146311
26140120,96,(2-5),17,MISTRATO,Risaralda,Mistrató,MagdalenaCauca,RíoRisaralda,4681687,2143742
26140180,79,(1-5),14,LaVirginiaAlerta,Risaralda,LaVirginia,MagdalenaCauca,RíoOtúnyotrosdirectosalCauca,4680374,2099300
26140330,5,(2-5),17,VIRGINIALA,Risaralda,LaVirginia,MagdalenaCauca,RíoRisaralda,4680316,2100130
26145010,5,(2-5),17,CECILIALA,Caldas,Viterbo,MagdalenaCauca,RíoRisaralda,4680396,2118569
26145020,78,(2-5),17,BELLAVISTA,Caldas,Anserma,MagdalenaCauca,RíoRisaralda,4689727,2141680
26145030,84,(2-5),17,CAMELIALA,Risaralda,Santuario,MagdalenaCauca,RíoRisaralda,4670788,2120088
26145050,35,(2-5),17,SAMARIALA,Caldas,Viterbo,MagdalenaCauca,RíoRisaralda,4680388,2116725
26150060,96,(2-6),13,ARAUCA,Caldas,Palestina,MagdalenaCauca,RíoOtúnyotrosdirectosalCauca,4700568,2123113
26150150,94,(2-6),13,PAPAYAL,Caldas,Villamaria,MagdalenaCauca,RíoChinchiná,4724007,2105669
26150160,95,(2-6),13,LAESPERANZA,Caldas,Manizales,MagdalenaCauca,RíoChinchiná,4738804,2112933
26155110,97,(2-6),13,AEROPUERTOLANUBIA,Caldas,Manizales,MagdalenaCauca,RíoChinchiná,4726236,2114300
26155120,26,(2-6),13,AEROPUERTOSANTAGUEDA,Caldas,Palestina,MagdalenaCauca,RíoChinchiná,4702590,2120317
26155150,63,(2-6),13,LasBrisasAut,Caldas,Villamaria,MagdalenaCauca,RíoGualí,4739455,2103718
26155170,43,(2-6),13,TesoritoFincaAut,Caldas,Manizales,MagdalenaCauca,RíoChinchiná,4729740,2114557
26160080,97,(3-6),20,SALAMINACONCBARC,Caldas,Salamina,MagdalenaCauca,RioTapiasyotrosdirectosalCauca,4724246,2154750
26160090,95,(3-6),20,PACORAPLAZAFERIA,Caldas,Pácora,MagdalenaCauca,RioTapiasyotrosdirectosalCauca,4728096,2168781
26160100,91,(2-6),13,NEIRA,Caldas,Neira,MagdalenaCauca,RioTapiasyotrosdirectosalCauca,4720912,2129073
26160120,92,(2-6),13,CRISTALINALA,Caldas,Neira,MagdalenaCauca,RioTapiasyotrosdirectosalCauca,4730091,2132248
26160160,99,(3-6),20,MARIALA,Caldas,Aguadas,MagdalenaCauca,RíoFRíoyOtrosDirectosalCauca,4714561,2176034
26170150,98,(3-5),11,PUEBLORRICO,Antioquia,Pueblorrico,MagdalenaCauca,RíoFRíoyOtrosDirectosalCauca,4685712,2198686
26170160,15,(3-5),11,NACIONALLAGRANJA,Antioquia,Támesis,MagdalenaCauca,RíoFRíoyOtrosDirectosalCauca,4699205,2190391
26170170,33,(3-6),20,PRADERALA,Antioquia,Caramanta,MagdalenaCauca,RíoFRíoyOtrosDirectosalCauca,4704653,2170086
26170180,90,(3-6),20,CARAMANTA,Antioquia,Caramanta,MagdalenaCauca,RíoFRíoyOtrosDirectosalCauca,4707471,2171677
26170190,96,(4-5),12,DIQUEEL,Antioquia,Jericó,MagdalenaCauca,RíoFRíoyOtrosDirectosalCauca,4698482,2200040
26170250,29,(2-6),13,IRRA,Risaralda,Quinchía,MagdalenaCauca,RioTapiasyotrosdirectosalCauca,4704523,2140589
26170260,80,(2-6),13,GUERRERITO,Risaralda,Quinchía,MagdalenaCauca,RíoFRíoyOtrosDirectosalCauca,4704718,2142180
26170270,18,(2-5),17,MARGARITALA,Caldas,Risaralda,MagdalenaCauca,RíoFRíoyOtrosDirectosalCauca,4698916,2125864
26170290,68,(3-5),11,RIOSUCIO,Caldas,Riosucio,MagdalenaCauca,RíoFRíoyOtrosDirectosalCauca,4697551,2158110
26170350,2,(3-6),20,FLECHALA,Caldas,Marmato,MagdalenaCauca,RíoFRíoyOtrosDirectosalCauca,4710162,2162687
26175010,2,(3-6),20,RIOSUCIO,Caldas,Riosucio,MagdalenaCauca,RíoFRíoyOtrosDirectosalCauca,4700908,2159041
26175020,14,(3-5),11,Inst.LosFundadores,Caldas,Riosucio,MagdalenaCauca,RíoFRíoyOtrosDirectosalCauca,4699061,2159049
26175030,83,(3-6),20,NACIONALGRANJALA,Antioquia,Támesis,MagdalenaCauca,RíoFRíoyOtrosDirectosalCauca,4702059,2190452
26175040,76,(3-6),20,TUNEZHACIENDA,Antioquia,Fredonia,MagdalenaCauca,DirectosRíoCaucaentreRíoSanJuanyPtoValdivia,4706527,2199603
26175050,8,(3-6),20,RIOSUCIO,Caldas,Riosucio,MagdalenaCauca,RíoFRíoyOtrosDirectosalCauca,4700908,2159041
26180130,2,(3-6),20,PINTADALA,Caldas,Aguadas,MagdalenaCauca,DirectosRíoCaucaentreRíoSanJuanyPtoValdivia,4712148,2194019
26180160,96,(3-6),20,ABEJORRAL,Antioquia,Abejorral,MagdalenaCauca,RíoArma,4730952,2197914
26180170,96,(4-6),19,UNIONLA,Antioquia,LaUnión,MagdalenaCauca,RíoArma,4736482,2221377
26180180,99,(3-6),20,SONSON,Antioquia,Sonsón,MagdalenaCauca,RíoArma,4745974,2190031
26180190,96,(3-6),20,AGUADAS,Caldas,Aguadas,MagdalenaCauca,RioTapiasyotrosdirectosalCauca,4728563,2177359
26180200,97,(4-6),19,MONTEBELLO,Antioquia,Montebello,MagdalenaCauca,RíoArma,4719247,2216200
26180220,76,(3-6),20,LAPINTADAALERTAS,Antioquia,LaPintada,MagdalenaCauca,RíoFRíoyOtrosDirectosalCauca,4712139,2191806
26180240,50,(3-6),20,PAVASLAS,Caldas,Aguadas,MagdalenaCauca,RíoArma,4734988,2168725
26180250,39,(2-6),13,ValleAltoAut,Caldas,Salamina,MagdalenaCauca,RíoArma,4743238,2149650
26180260,32,(3-6),20,LaMiranda,Caldas,Salamina,MagdalenaCauca,RíoArma,4741519,2158190
26185010,49,(3-6),20,PELADALA,Caldas,Aguadas,MagdalenaCauca,RíoArma,4740344,2174958
26185020,97,(4-6),19,MESOPOTAMIA,Antioquia,LaUnión,MagdalenaCauca,RíoArma,4743378,2208964
26185040,93,(3-6),20,SANFELIX,Caldas,Salamina,MagdalenaCauca,RíoArma,4736869,2152212
26190080,2,(3-5),11,BetaniaVolga,Antioquia,Betania,MagdalenaCauca,RíoSanJuan,4669645,2188694
26190090,98,(3-5),11,BetanialasGuacas,Antioquia,Betania,MagdalenaCauca,RíoSanJuan,4670541,2194775
26190100,96,(3-5),11,SANTABARBARA,Antioquia,Andes,MagdalenaCauca,RíoSanJuan,4678796,2173597
26190120,34,(3-5),11,CAMPAMENTO,Antioquia,Andes,MagdalenaCauca,RíoSanJuan,4681576,2186568
26190130,5,(3-5),11,LaMansa,Chocó,ElCarmen,Caribe,DariénAltoAtrato,4656743,2194295
26195020,95,(3-5),11,ITAANDES,Antioquia,Andes,MagdalenaCauca,RíoSanJuan,4681067,2187640
26195030,48,(3-5),11,ElJardín,Antioquia,Jardín,MagdalenaCauca,RíoSanJuan,4689841,2176171
26200120,97,(4-5),12,OTRAMINA,Antioquia,Titiribí,MagdalenaCauca,DirectosRíoCaucaentreRíoSanJuanyPtoValdivia,4690769,2229847
26200130,79,(4-5),12,BOLOMBOLO,Antioquia,Venecia,MagdalenaCauca,DirectosRíoCaucaentreRíoSanJuanyPtoValdivia,4685680,2218484
26200140,86,(4-5),12,ARMENIA,Antioquia,Armenia,MagdalenaCauca,DirectosRíoCaucaentreRíoSanJuanyPtoValdivia,4693371,2239240
26200150,87,(4-6),19,FREDONIA,Antioquia,Fredonia,MagdalenaCauca,DirectosRíoCaucaentreRíoSanJuanyPtoValdivia,4702817,2214720
26205030,4,(3-6),20,FARALLONES,Antioquia,LaPintada,MagdalenaCauca,DirectosRíoCaucaentreRíoSanJuanyPtoValdivia,4710319,2197714
26205040,2,(5-5),18,IGUINAHACIENDA,Antioquia,Anzá,MagdalenaCauca,DirectosRíoCaucaentreRíoSanJuanyPtoValdia,4682963,2262384
26205060,11,(5-5),18,NOQUELA,Antioquia,Anzá,MagdalenaCauca,DirectosRíoCaucaentreRíoSanJuanyPtoValdia,4686672,2266052
26205070,18,(4-5),12,PLATALA,Antioquia,Venecia,MagdalenaCauca,DirectosRíoCaucaentreRíoSanJuanyPtoValdivia,4688272,2219946
26205080,59,(5-6),14,LaAldea,Antioquia,Medellín,MagdalenaCauca,DirectosRíoCaucaentreRíoSanJuanyPtoValdivia,4701289,2259452
26210070,94,(5-5),18,CAICEDO,Antioquia,Caicedo,MagdalenaCauca,DirectosRíoCaucaentreRíoSanJuanyPtoValdia,4670301,2266805
26210080,95,(4-5),12,HERRADURALA,Antioquia,Concordia,MagdalenaCauca,DirectosRíoCaucaentreRíoSanJuanyPtoValdia,4681993,2232800
26210090,98,(5-5),18,ANZA,Antioquia,Anzá,MagdalenaCauca,DirectosRíoCaucaentreRíoSanJuanyPtoValdia,4683745,2255352
26210110,97,(4-5),12,PENALISA,Antioquia,Salgar,MagdalenaCauca,RíoSanJuan,4683315,2214615
26210130,87,(5-5),18,GUASABRA,Antioquia,SantaFeDeAntioquia,MagdalenaCauca,DirectosRíoCaucaentreRíoSanJuanyPtoValdia,4673180,2277561
26210140,88,(4-5),12,ALTAMIRA,Antioquia,Betulia,MagdalenaCauca,DirectosRíoCaucaentreRíoSanJuanyPtoValdia,4674144,2246043
26215010,92,(4-5),12,CONCORDIA,Antioquia,Concordia,MagdalenaCauca,DirectosRíoCaucaentreRíoSanJuanyPtoValdia,4676912,2226226
26215020,26,(5-5),18,CANAFISANTO,Antioquia,SantaFeDeAntioquia,MagdalenaCauca,DirectosRíoCaucaentreRíoSanJuanyPtoValdivia,4688527,2267886
26220050,63,(6-5),8,CUMBRELA,Antioquia,Peque,MagdalenaCauca,DirectosRíoCaucaentreRíoSanJuanyPtoValdia,4676024,2336188
26220060,0,(5-5),18,TUNALEL,Antioquia,SantaFeDeAntioquia,MagdalenaCauca,DirectosRíoCaucaentreRíoSanJuanyPtoValdia,4686786,2286334
26220090,98,(5-5),18,GIRALDO,Antioquia,Giraldo,MagdalenaCauca,DirectosRíoCaucaentreRíoSanJuanyPtoValdia,4673148,2298001
26220100,88,(7-5),2,GRANJALA,Antioquia,Ituango,MagdalenaCauca,DirectosRíoCaucaentreRíoSanJuanyPtoValdia,4698190,2359983
26220110,75,(7-6),13,SANTARITA,Antioquia,Ituango,MagdalenaCauca,DirectosRíoCaucaentreRíoSanJuanyPtoValdia,4711186,2368105
26225010,6,(7-5),2,ITUANGO,Antioquia,Ituango,MagdalenaCauca,DirectosRíoCaucaentreRíoSanJuanyPtoValdia,4698240,2354491
26225030,78,(5-5),18,COTOVEHACIENDA,Antioquia,SantaFeDeAntioquia,MagdalenaCauca,DirectosRíoCaucaentreRíoSanJuanyPtoValdia,4687419,2280864
26225040,77,(6-5),8,PIUNTIHACIENDA,Antioquia,Buriticá,MagdalenaCauca,DirectosRíoCaucaentreRíoSanJuanyPtoValdia,4678070,2302557
26225050,12,(6-6),14,PALMAREL,Antioquia,Ituango,MagdalenaCauca,DirectosRíoCaucaentreRíoSanJuanyPtoValdia,4705551,2345230
26225060,7,(5-5),18,HACIENDACOTOVEAut,Antioquia,SantaFeDeAntioquia,MagdalenaCauca,DirectosRíoCaucaentreRíoSanJuanyPtoValdia,4687419,2280864
26230010,88,(5-5),18,OLAYA,Antioquia,Olaya,MagdalenaCauca,DirectosRíoCaucaentreRíoSanJuanyPtoValdivia,4689297,2291342
26230110,98,(6-6),14,SANANDRES,Antioquia,SanAndrés,MagdalenaCauca,DirectosRíoCaucaentreRíoSanJuanyPtoValdivia,4705068,2322352
26230130,94,(6-6),14,CRUCESARRIBA,Antioquia,SanAndrés,MagdalenaCauca,DirectosRíoCaucaentreRíoSanJuanyPtoValdivia,4711715,2319811
26230140,97,(6-5),8,PLACITALA,Antioquia,Liborina,MagdalenaCauca,DirectosRíoCaucaentreRíoSanJuanyPtoValdivia,4695199,2301505
26230160,97,(6-6),14,BRICENO,Antioquia,BriceÃ±o,MagdalenaCauca,DirectosRíoCaucaentreRíoSanJuanyPtoValdivia,4722670,2343874
26230180,55,(5-5),18,LLANOSDESANJUAN,Antioquia,SanJerónimo,MagdalenaCauca,DirectosRíoCaucaentreRíoSanJuanyPtoValdivia,4699480,2268969
26230190,32,(6-5),8,ElOro,Antioquia,Sabanalarga,MagdalenaCauca,DirectosRíoCaucaentreRíoSanJuanyPtoValdivia,4694381,2325013
26230200,88,(6-5),8,SABANALARGA,Antioquia,Sabanalarga,MagdalenaCauca,DirectosRíoCaucaentreRíoSanJuanyPtoValdivia,4689003,2315382
26230220,71,(6-6),14,OCULTALA,Antioquia,Belmira,MagdalenaCauca,RíoPorce,4708446,2307903
26230240,47,(6-6),14,ABERTURALA,Antioquia,SanAndrés,MagdalenaCauca,DirectosRíoCaucaentreRíoSanJuanyPtoValdivia,4701196,2321307
26235020,14,(5-5),18,LaVegaTabRubios,Antioquia,Sopetrán,MagdalenaCauca,DirectosRíoCaucaentreRíoSanJuanyPtoValdivia,4690443,2280782
26235030,87,(6-6),14,MATANZAS,Antioquia,Toledo,MagdalenaCauca,DirectosRíoCaucaentreRíoSanJuanyPtoValdivia,4705580,2336287
26240050,14,(8-6),10,UNIONLAHACIENDA,Antioquia,Cáceres,MagdalenaCauca,RíoTarazaRíoMan,4740889,2411397
26240060,99,(8-6),10,MANIZALES,Antioquia,Cáceres,MagdalenaCauca,CaucaSanJorgeLaMojana,4733794,2424709
26240070,21,(7-6),13,ALTOELMUNECO,Antioquia,Tarazá,MagdalenaCauca,RíoTarazaRíoMan,4733462,2398534
26240080,23,(7-6),13,HOYORICO,Antioquia,Tarazá,MagdalenaCauca,RíoTarazaRíoMan,4729649,2374591
26240090,77,(8-6),10,PUERTOBELGICA,Antioquia,Cáceres,MagdalenaCauca,RíoTarazaRíoMan,4748092,2406009
26240100,94,(8-7),11,GuarumoLaLucha,Antioquia,Cáceres,MagdalenaCauca,RíoTarazaRíoMan,4755875,2427490
26240120,20,(7-6),13,PUERTOVALDIVIA,Antioquia,Valdivia,MagdalenaCauca,RíoTarazaRíoMan,4731439,2365364
26240150,73,(7-6),13,PUERTOVALDIVIA,Antioquia,Valdivia,MagdalenaCauca,DirectosRíoCaucaentreRíoSanJuanyPtoValdia,4735115,2364238
26240160,77,(8-7),11,LaCoquera,Antioquia,Caucasia,MagdalenaCauca,DirectosalCaucaentrePtoValdiviayRíoNechí,4757577,2438217
26240170,70,(7-6),13,PLAYALTA,Antioquia,Tarazá,MagdalenaCauca,RíoTarazaRíoMan,4729919,2394413
26245020,4,(7-6),13,MARYLAND,Antioquia,Cáceres,MagdalenaCauca,RíoTarazaRíoMan,4733400,2387474
26245030,9,(7-6),13,TARAZA,Antioquia,Tarazá,MagdalenaCauca,RíoTarazaRíoMan,4735291,2396681
26245040,12,(8-7),11,JHBCAUCASIA,Antioquia,Caucasia,MagdalenaCauca,DirectosalCaucaentrePtoValdiviayRíoNechí,4763452,2443234
26250010,0,(7-6),13,CACERES,Antioquia,Cáceres,MagdalenaCauca,DirectosalCaucaentrePtoValdiviayRíoNechí,4741045,2396176
26250020,14,(8-7),11,HdaLaTrinidad,Antioquia,Cáceres,MagdalenaCauca,DirectosalCaucaentrePtoValdiviayRíoNechí,4753740,2407641
26250030,97,(7-6),13,CACERES,Antioquia,Cáceres,MagdalenaCauca,DirectosalCaucaentrePtoValdiviayRíoNechí,4741045,2396176
26250060,87,(7-6),13,PUERTORAUDAL,Antioquia,Valdivia,MagdalenaCauca,RíoTarazaRíoMan,4743154,2373035
26250090,17,(8-7),11,PIAMONTE,Antioquia,Cáceres,MagdalenaCauca,DirectosalCaucaentrePtoValdiviayRíoNechí,4757474,2418681
26250100,1,(7-7),8,HdaSantaCruz,Antioquia,Cáceres,MagdalenaCauca,DirectosalCaucaentrePtoValdiviayRíoNechí,4751796,2387376
26250110,71,(7-7),8,BARROBLANCO,Antioquia,Tarazá,MagdalenaCauca,DirectosalCaucaentrePtoValdiviayRíoNechí,4750193,2384522
26255020,86,(6-6),14,SANTAISABEL,Antioquia,SantaRosaDeOsos,MagdalenaCauca,RíoPorce,4717136,2307924
26255030,6,(4-6),19,SantaIsabelValdiviaAut,Antioquia,Rionegro,MagdalenaCauca,RíoNare,4730074,2239285
26255040,70,(8-7),11,CACAOTERASDELDIQ,Antioquia,Caucasia,MagdalenaCauca,DirectosalCaucaentrePtoValdiviayRíoNechí,4766777,2440750
27010160,6,(5-7),20,GOMEZPLATA,Antioquia,GómezPlata,MagdalenaCauca,RíoPorce,4754693,2296438
27010680,5,(6-7),10,MACARENALAHACIENDA,Antioquia,Remedios,MagdalenaCauca,RíoPorce,4795734,2337418
27010770,97,(4-6),19,CHUSCALEL,Antioquia,Heliconia,MagdalenaCauca,DirectosRíoCaucaentreRíoSanJuanyPtoValdivia,4700739,2241454
27010780,37,(5-6),14,BOQUERON,Antioquia,Medellín,MagdalenaCauca,DirectosRíoCaucaentreRíoSanJuanyPtoValdivia,4703244,2260432
27010790,26,(4-6),19,SenaLaMeseta,Antioquia,Caldas,MagdalenaCauca,RíoPorce,4710449,2225367
27010800,95,(5-6),14,LaMesetaSanPedro,Antioquia,Bello,MagdalenaCauca,RíoPorce,4711695,2265889
27010810,95,(4-6),19,SANTAHELENA,Antioquia,Medellín,MagdalenaCauca,RíoPorce,4721597,2243404
27010820,98,(5-6),14,LaCuchilla,Antioquia,Girardota,MagdalenaCauca,RíoPorce,4728675,2262333
27010830,97,(5-6),14,SANISIDRO,Antioquia,Entrerrios,MagdalenaCauca,RíoPorce,4721906,2283922
27010840,94,(5-7),20,SANPABLO,Antioquia,SantaRosaDeOsos,MagdalenaCauca,RíoPorce,4751701,2288069
27010850,96,(6-7),10,AMALFI,Antioquia,Amalfi,MagdalenaCauca,RíoPorce,4770565,2321552
27010860,20,(5-7),20,HaciendaNormandía,Antioquia,Yolombó,MagdalenaCauca,RíoPorce,4766107,2298842
27010870,96,(5-6),14,BELMIRA,Antioquia,Belmira,MagdalenaCauca,RíoPorce,4705054,2289092
27010880,98,(5-6),14,MONTANITAS,Antioquia,SantaRosaDeOsos,MagdalenaCauca,AltoNechí,4735643,2299298
27010890,94,(6-7),10,CUEVASANTA,Antioquia,Amalfi,MagdalenaCauca,RíoPorce,4774885,2327443
27010900,98,(5-7),20,GOMEZPLATA,Antioquia,GómezPlata,MagdalenaCauca,RíoPorce,4754693,2296438
27010960,76,(6-7),10,HaciendaMonos,Antioquia,Amalfi,MagdalenaCauca,RíoPorce,4789908,2320704
27011100,67,(6-7),10,LasBrisas,Antioquia,Segovia,MagdalenaCauca,RíoPorce,4798892,2349435
27011110,59,(5-6),14,ASTILLEROS,Antioquia,Medellín,MagdalenaCauca,RíoPorce,4704018,2250174
27011120,59,(5-6),14,LaIguaná,Antioquia,Medellín,MagdalenaCauca,RíoPorce,4706080,2256687
27011230,39,(5-7),20,SANANTONIO,Antioquia,Yolombó,MagdalenaCauca,RíoPorce,4762199,2290105
27011270,19,(4-6),19,LAURELESmedellin,Antioquia,Medellín,MagdalenaCauca,RíoPorce,4713399,2248922
27015090,96,(5-6),14,TULIOOSPINA,Antioquia,Bello,MagdalenaCauca,RíoPorce,4717623,2257007
27015110,87,(6-6),14,ARAGON,Antioquia,SantaRosaDeOsos,MagdalenaCauca,RíoPorce,4717609,2307929
27015120,16,(5-6),14,PIEDRASBLANCAS,Antioquia,Medellín,MagdalenaCauca,RíoPorce,4723505,2254800
27015150,79,(5-6),14,HaciendaElProgreso,Antioquia,DonMatías,MagdalenaCauca,RíoPorce,4734961,2271056
27015160,5,(4-6),19,LaClara,Antioquia,Caldas,MagdalenaCauca,RíoPorce,4712312,2229045
27015190,98,(5-7),20,GUAYABITO,Antioquia,SantoDomingo,MagdalenaCauca,RíoPorce,4762705,2281207
27015200,21,(6-7),10,HaciendaNormandía,Antioquia,Yolombó,MagdalenaCauca,RíoPorce,4766147,2308057
27015210,26,(5-6),14,ElVivero,Antioquia,Guarne,MagdalenaCauca,RíoPorce,4723497,2252957
27015260,71,(4-6),19,SALADALA,Antioquia,Caldas,MagdalenaCauca,RíoPorce,4709571,2227033
27015270,2,(5-6),14,JARDINBOTANICO,Antioquia,Medellín,MagdalenaCauca,RíoPorce,4716497,2251175
27015330,95,(4-6),19,AeropOlayaHerreraAut,Antioquia,Medellín,MagdalenaCauca,RíoPorce,4713501,2246000
27020040,6,(6-6),14,ANGOSTURA,Antioquia,Angostura,MagdalenaCauca,AltoNechí,4742345,2319194
27020160,20,(7-7),8,TENCHELARISARALD,Antioquia,Anorí,MagdalenaCauca,AltoNechí,4775631,2370674
27020170,92,(6-7),10,CARMENELHACIENDA,Antioquia,Anorí,MagdalenaCauca,AltoNechí,4770401,2348272
27020180,34,(6-7),10,ANORI,Antioquia,Anorí,MagdalenaCauca,AltoNechí,4762549,2339984
27020190,93,(6-6),14,YARUMAL,Antioquia,Yarumal,MagdalenaCauca,AltoNechí,4733204,2327305
27020200,96,(6-6),14,CEDENO,Antioquia,Yarumal,MagdalenaCauca,AltoNechí,4739895,2339962
27020210,98,(6-6),14,ANGOSTURA,Antioquia,Angostura,MagdalenaCauca,AltoNechí,4742345,2319194
27020220,97,(6-6),14,LLANOSDCUIBALOS,Antioquia,Yarumal,MagdalenaCauca,AltoNechí,4725573,2311598
27020260,79,(7-6),13,TESOROEL,Antioquia,Valdivia,MagdalenaCauca,AltoNechí,4745891,2359402
27020280,15,(7-6),13,MARGARITASLAS,Antioquia,Tarazá,MagdalenaCauca,AltoNechí,4749816,2359739
27025010,4,(6-7),10,MONTEFRIO,Antioquia,Anorí,MagdalenaCauca,AltoNechí,4757020,2326528
27025020,16,(7-7),8,CHARCONLIBERIA,Antioquia,Anorí,MagdalenaCauca,AltoNechí,4779327,2374343
27025030,85,(6-7),10,ANORI,Antioquia,Anorí,MagdalenaCauca,AltoNechí,4762549,2339984
27030030,2,(7-7),8,ZARAGOZA,Antioquia,Zaragoza,MagdalenaCauca,BajoNechí(md),4793461,2385657
27030040,89,(8-8),7,GUAMOEL,Antioquia,Nechí,MagdalenaCauca,DirectosalBajoNechí(mi),4800100,2431866
27030060,32,(8-8),7,AMACERI,Antioquia,ElBagre,MagdalenaCauca,BajoNechí(md),4808921,2414756
27030080,77,(6-8),8,CRUZADALA,Antioquia,Remedios,MagdalenaCauca,BajoNechí(md),4810646,2339357
27030090,98,(7-7),8,BOSQUEEL,Antioquia,Zaragoza,MagdalenaCauca,RíoPorce,4797032,2367188
27030130,22,(7-8),6,LONDREEL,Antioquia,ElBagre,MagdalenaCauca,BajoNechí(md),4817991,2383397
27030140,88,(7-8),6,PALMADECOCOLA,Antioquia,Segovia,MagdalenaCauca,BajoNechí(md),4800460,2357976
27030150,22,(8-8),7,ASIESLAVIDA,Antioquia,ElBagre,MagdalenaCauca,BajoNechí(md),4825454,2412849
27030160,24,(7-8),6,BUENAVISTA,Antioquia,ElBagre,MagdalenaCauca,BajoNechí(md),4816138,2379719
27030210,97,(7-7),8,ZARAGOZA,Antioquia,Zaragoza,MagdalenaCauca,BajoNechí(md),4793461,2385657
27030220,24,(7-8),6,ORIENTEEL,Antioquia,ElBagre,MagdalenaCauca,BajoNechí(md),4816194,2394459
27030230,1,(7-8),6,MONTEVERDE,Antioquia,Segovia,MagdalenaCauca,BajoNechí(md),4817943,2370500
27030240,30,(6-8),8,PUENTEBAGRE,Antioquia,Remedios,MagdalenaCauca,BajoNechí(md),4823370,2344686
27035010,5,(7-8),6,MONTESNEGROS,Antioquia,Zaragoza,MagdalenaCauca,BajoNechí(md),4810649,2387110
27035020,7,(6-8),8,BOQUETEEL,Antioquia,Segovia,MagdalenaCauca,BajoNechí(md),4817856,2346548
27035030,19,(8-8),7,SANTAMARGARITA,Antioquia,ElBagre,MagdalenaCauca,BajoNechí(md),4805238,2412929
27040020,91,(7-7),8,ALTODELINDIO,Antioquia,Zaragoza,MagdalenaCauca,DirectosalBajoNechí(mi),4784615,2390647
27040030,94,(8-7),11,ESMERALDALA,Antioquia,Caucasia,MagdalenaCauca,DirectosalBajoNechí(mi),4795720,2414935
27040040,28,(9-8),16,NECHI,Antioquia,Nechí,MagdalenaCauca,BajoNechí(md),4805103,2453155
27045020,56,(8-7),11,CASERI,Antioquia,Caucasia,MagdalenaCauca,DirectosalBajoNechí(mi),4786606,2421677
27047010,32,(8-8),7,BAGREEL,Antioquia,ElBagre,MagdalenaCauca,BajoNechí(md),4801508,2400046
54010010,92,(2-3),6,ISTMINA,Chocó,Istmina,Pacifico,RíoSanJuanAlto,4591017,2129218
54010020,93,(2-5),17,LINEALAPORVENIR,Risaralda,PuebloRico,MagdalenaCauca,RíoRisaralda,4669790,2130223
54015010,72,(2-5),17,PuebloRicoAut,Risaralda,PuebloRico,Pacifico,RíoSanJuanAlto,4664030,2137098
54020010,92,(2-3),6,ANDAGOYA,Chocó,MedioSanJuan,Pacifico,RíoTamanáyotrosDirectosSanJuan,4590170,2122460
54020020,95,(2-4),4,NOVITA,Chocó,Nóvita,Pacifico,RíoTamanáyotrosDirectosSanJuan,4600179,2106684
54020040,92,(2-4),4,VALENCIALADIVISA,Chocó,SanJoséDelPalmar,Pacifico,RíoTamanáyotrosDirectosSanJuan,4635091,2100766
54020050,68,(1-4),1,SINAIEL,Chocó,SanJoséDelPalmar,Pacifico,RíoTamanáyotrosDirectosSanJuan,4644366,2093026
54020060,84,(2-3),6,OPOGODO,Chocó,Condoto,Pacifico,RíoTamanáyotrosDirectosSanJuan,4595309,2118260
54020090,25,(2-3),6,AEROPUERTOCONDOTO,Chocó,Condoto,Pacifico,RíoTamanáyotrosDirectosSanJuan,4592357,2119771
54025010,78,(2-4),4,SANJOSEPALMAR,Chocó,SanJoséDelPalmar,Pacifico,RíoTamanáyotrosDirectosSanJuan,4641578,2100095
54025020,60,(2-3),6,AEROPUERTOCONDOTO,Chocó,Condoto,Pacifico,RíoTamanáyotrosDirectosSanJuan,4592357,2119771
54025030,4,(2-4),4,SANJOSE,Chocó,Condoto,Pacifico,RíoTamanáyotrosDirectosSanJuan,4600884,2122657
54035020,41,(1-5),14,ARGELIAELRECREO,ValledelCauca,Argelia,Pacifico,RíoSipí,4654336,2081804
55015010,92,(3-3),7,PIEDEPATOAut,Chocó,AltoBaudó(PieDePato),Pacifico,DirectosPacificoRíoBaudó,4559750,2169540
56010030,43,(6-2),2,CUPICA,Chocó,BahíaSolano(Mutis),Pacifico,DirectosDirectosPacificoFronteraPanamá,4503404,2301338
56010040,33,(3-2),1,NUQUI,Chocó,Nuquí,Pacifico,DirectosPacificoFronteraPanamá,4527415,2190481
56015010,87,(4-2),1,PANAMERICANA,Chocó,BahíaSolano(Mutis),Pacifico,DirectosPacificoFronteraPanamá,4512487,2247700
56015020,0,(6-1),1,ALTOCURICHE,Chocó,Juradó,Pacifico,DirectosDirectosPacificoFronteraPanamá,4486111,2339577


