Estacion;Porc_datos;x;y;Celda_XY;Cont_celda;Nom_Est;Depto;Mpio;AH; ZSZH
11010010;78;4607247,584;2162360,662;(3 , 4);5;VUELTA LA ;ChocÛ; CÈrtegui ; Caribe ; DariÈn RÌo And·gueda
11020010;100;4652177,228;2211863,751;(4 , 5);12;CARMEN DE ATRATO ;ChocÛ; El Carmen; Caribe ; DariÈn Alto Atrato
11020020;42;4647517,517;2196190,599;(3 , 4);5;GUADUAS ;ChocÛ; El Carmen; Caribe ; DariÈn Alto Atrato
11020050;95;4640026,816;2195236,819;(3 , 4);5;PINON EL ;ChocÛ; El Carmen ; Caribe ; DariÈn Alto Atrato
11025010;91;4658557,69;2208483,669;(4 , 5);12;MANSA LA ;Antioquia; Ciudad Bolivar; Caribe ; DariÈn Alto Atrato
11030010;94;4599604,917;2153115,118;(3 , 3);7;CERTEGUI ;ChocÛ; CÈrtegui ; Caribe ; DariÈn rÌo Quito 
11030030;72;4586812,799;2148667,389;(2 , 3);6;MANAGRU ;ChocÛ; El CantÛn Del San Pablo (Managr√∫) ; Caribe ; DariÈn rÌo Quito 
11030040;76;4585501,429;2165002,327;(3 , 3);7;PAIMADO ;ChocÛ; Rio Quito (PaimadÛ) ; Caribe ; DariÈn rÌo Quito 
11035010;66;4603367,623;2168036,175;(3 , 4);5;LLORO ;ChocÛ; LlorÛ ; Caribe ; DariÈn rÌo Quito 
11035020;72;4584619,738;2181015,168;(3 , 3);7;SAN ISIDRO ;ChocÛ; Rio Quito (PaimadÛ) ; Caribe ; DariÈn rÌo Quito 
11040010;98;4608205,082;2193870,091;(3 , 4);5;TUTUNENDO ;ChocÛ; QuibdÛ ; Caribe ; DariÈn rÌo Bebaram· y otros Directos Atrato (md) 
11045010;95;4596416,502;2188069,706;(3 , 3);7;AEROPUERTO EL CARANO ;ChocÛ; QuibdÛ ; Caribe ; DariÈn rÌo Cabi y otros Directos Atrato (md)
11045030;5;4597581,449;2189108,056;(3 , 3);7;HUAPANGO ;ChocÛ; QuibdÛ ; Caribe ; DariÈn rÌo Cabi y otros Directos Atrato (md)
11050010;97;4587580,666;2246950,092;(4 , 3);4;TagachÌ;ChocÛ; QuibdÛ ; Caribe ; DariÈn Directos Atrato entre rÌos Bebaram· y MurrÌ (md) 
11050020;76;4581530,792;2221848,76;(4 , 3);4;BETE ;ChocÛ; Medio Atrato (BetÈ) ; Caribe ; DariÈn 
11050030;83;4577032,325;2233815,919;(4 , 3);4;El Buey;ChocÛ; Medio Atrato (BetÈ) ; Caribe ; DariÈn Directos Atrato entre rÌos Quito y Bojay· (mi)
11050040;28;4573598,958;2196647,054;(3 , 3);7;CALAORRA ;ChocÛ; QuibdÛ ; Caribe ; DariÈn Directos Atrato entre rÌos Quito y Bojay· (mi)
11050060;85;4566586,068;2234537,107;(4 , 3);4;Alto del Buey;ChocÛ; Medio Atrato (BetÈ) ; Caribe ; DariÈn Directos Atrato entre rÌos Quito y Bojay· (mi)
11060010;99;4581950,314;2268941,556;(5 , 3);4;BUCHADO ;Antioquia; Vigia Del Fuerte ; Caribe ; DariÈn Directos Atrato entre rÌos Bebaram· y MurrÌ (md) 
11070020;85;4642870,916;2258809,478;(5 , 4);2;El Roble;Antioquia; Urrao ; Caribe ; DariÈn rÌo MurrÌ 
11070030;83;4650763,535;2281693,974;(5 , 5);18;La Clarita;Antioquia; Urrao ; Caribe ; DariÈn rÌo MurrÌ 
11070040;6;4649730,506;2258890,175;(5 , 4);2;URRAO ;Antioquia; Urrao ; Caribe ; DariÈn rÌo MurrÌ 
11070130;56;4664365,208;2236671,722;(4 , 5);12;BRECHON EL ;Antioquia; Urrao ; Caribe ; DariÈn rÌo MurrÌ 
11075010;38;4650699,5;2261435,794;(5 , 5);18;La Honda;Antioquia; Urrao ; Caribe ; DariÈn rÌo MurrÌ 
11075020;83;4652293,652;2254998,176;(5 , 5);18;URRAO ;Antioquia; Urrao ; Caribe ; DariÈn rÌo MurrÌ 
11077030;61;4585355,518;2290695,114;(5 , 3);4;La Playa;Antioquia; Vigia Del Fuerte ; Caribe ; DariÈn rÌo MurrÌ 
11080010;99;4570310,489;2284442,297;(5 , 3);4;Bellavista;ChocÛ; Bojay· (Bellavista) ; Caribe ; DariÈn Directos Atrato entre rÌos Quito y Bojay· (mi) 
11085010;47;4559442,216;2281666,137;(5 , 3);4;LOMA LA ;ChocÛ; Bojay· (Bellavista) ; Caribe ; DariÈn RÌo Bojay·
11090010;84;4560867,222;2312580,83;(6 , 3);4;OPOGADO ;ChocÛ; Bojay· (Bellavista) ; Caribe ; DariÈn rÌo NapipÌ RÌo OpogadÛ
11100010;45;4567321,371;2342523,093;(6 , 3);4;VIGIA DE CURVARADO ;ChocÛ; Carmen Del DariÈn (CurbaradÛ) ; Caribe ; DariÈn RÌo MurindÛ Directos al Atrato
11100020;85;4554875,069;2353338,285;(7 , 3);4;DOMINGODO ;ChocÛ; Carmen Del DariÈn (CurbaradÛ) ; Caribe ; DariÈn rÌo Sucio 
11100030;8;4585685,349;2333142,911;(6 , 3);4;MURINDO ;Antioquia; MurindÛ ; Caribe ; DariÈn RÌo MurindÛ Directos al Atrato
11105010;15;4585655,934;2329451,783;(6 , 3);4;MURINDO ;Antioquia; MurindÛ ; Caribe ; DariÈn RÌo MurindÛ Directos al Atrato
11110010;98;4653687,526;2306452,828;(6 , 5);8;NORMAL SANTA TERESA ;Antioquia; Frontino ; Caribe ; DariÈn rÌo Sucio 
11110020;89;4660087,269;2293040,368;(5 , 5);18;ABRIAQUI ;Antioquia; AbriaquÌ; Caribe ; DariÈn rÌo Sucio 
11110030;83;4640636,268;2317022,497;(6 , 4);3;FUEMIA ;Antioquia; Frontino ; Caribe ; DariÈn rÌo Sucio 
11110040;6;4664770,884;2304907,083;(6 , 5);8;CANASGORDAS ;Antioquia; Ca√±asgordas; Caribe ; DariÈn rÌo Sucio 
11110110;47;4670912,731;2299275,135;(5 , 5);18;BoquerÛn de Toyo;Antioquia; Giraldo ; Caribe ; DariÈn rÌo Sucio 
11115020;89;4665182,005;2305792,853;(6 , 5);8;Ca√±asgordas Aut;Antioquia;Ca√±asgordas;Caribe; Atrato DariÈn RÌo Sucio
11115030;14;4640851,109;2312440,087;(6 , 4);3;NUTIBARA ;Antioquia; Frontino ; Caribe ; DariÈn rÌo Sucio 
11115040;68;4645985,052;2308123,206;(6 , 4);3;MUSINGA ;Antioquia; Frontino ; Caribe ; DariÈn rÌo Sucio 
11120010;10;4527111,661;2381663,574;(7 , 2);4;SALAQUI ;ChocÛ; Riosucio; Caribe ; DariÈn rÌo SalaquÌ y otros directos Bajo Atrato 
11120040;80;4545703,357;2382164,029;(7 , 2);4;RIOSUCIO ;ChocÛ; Riosucio; Caribe ; DariÈn rÌo Sucio 
11125010;38;4502669,579;2333872,595;(6 , 2);2;TERESITA LA ;ChocÛ; Riosucio; Caribe ; DariÈn rÌo SalaquÌ y otros directos Bajo Atrato 
11130020;71;4544710,137;2397376,641;(7 , 2);4;HONDA LA ;ChocÛ; Riosucio; Caribe ; DariÈn rÌo SalaquÌ y otros directos Bajo Atrato 
11130030;2;4540479,932;2429549,179;(8 , 2);3;SAUTATA ;ChocÛ; Riosucio; Caribe ; DariÈn rÌo Tanela y otros Directos al Caribe 
11135010;53;4545985,268;2427648,041;(8 , 2);3;SAUTATA ;ChocÛ; Riosucio; Caribe ; DariÈn rÌo Tanela y otros Directos al Caribe 
11135020;11;4536416,253;2390807,972;(7 , 2);4;BALSA LA ;ChocÛ; Riosucio; Caribe ; DariÈn rÌo SalaquÌ y otros directos Bajo Atrato 
11135030;89;4549371,699;2448301,937;(8 , 2);3;Unguia Aut;ChocÛ; UnguÌa ; Caribe ; DariÈn rÌo Tanela y otros Directos al Caribe 
11140010;3;4564553,472;2444084,995;(8 , 3);18;MARIRRIO ;Antioquia; Turbo ; Caribe ; DariÈn Directos Bajo Atrato entre rÌo Sucio y desembocadura 
11145010;15;4595245,291;2375514,375;(7 , 3);4;BAJIRA ;ChocÛ; Riosucio; Caribe ; DariÈn rÌo Sucio 
11150010;87;4551004,237;2478346,694;(9 , 3);7;TITUMATE ;ChocÛ; UnguÌa ; Caribe ; DariÈn rÌo Tolo y otros Directos al Caribe 
11150020;87;4554749,35;2462228,962;(9 , 3);7;TANELA ;ChocÛ; UnguÌa ; Caribe ; DariÈn rÌo Tanela y otros Directos al Caribe 
11150030;77;4529081,226;2503266,188;(10 , 2);2;ACANDI ;ChocÛ; AcandÌ; Caribe ; DariÈn rÌo Tolo y otros Directos al Caribe 
11155010;10;4528379,585;2503551,032;(10 , 2);2;PLAYA LA ;ChocÛ; AcandÌ; Caribe ; DariÈn rÌo Tolo y otros Directos al Caribe 
11155020;3;4551968,694;2473751,313;(9 , 3);7;GLORIA LA ;ChocÛ; UnguÌa ; Caribe ; DariÈn rÌo Tanela y otros Directos al Caribe 
12010010;92;4574771,938;2418113,392;(8 , 3);18;TORMENTO EL ;Antioquia; Turbo ; Caribe ; Litoral rÌo LeÛn 
12010030;88;4591734,67;2396214,287;(7 , 3);4;BARRANQUILLITA ;Antioquia; ChigorodÛ ; Caribe ; Litoral rÌo LeÛn 
12010040;15;4595508,58;2406886,515;(8 , 3);18;TULENAPA ;Antioquia; ChigorodÛ ; Caribe ; Litoral rÌo LeÛn 
12010050;76;4591625,324;2422577,077;(8 , 3);18;TOSCANA LA ;Antioquia; Carepa ; Caribe ; Litoral rÌo LeÛn 
12010060;81;4593212,59;2428653,703;(8 , 3);18;LORENA LA ;Antioquia; ApartadÛ ; Caribe ; Litoral rÌo LeÛn 
12010070;83;4597803,053;2430981,881;(8 , 3);18;CASCO EL ;Antioquia; ApartadÛ ; Caribe ; Litoral rÌo LeÛn 
12010080;31;4595587,893;2416113,66;(8 , 3);18;SANTA ISABEL ;Antioquia; Carepa ; Caribe ; Litoral rÌo LeÛn 
12010090;83;4590591,147;2415898,716;(8 , 3);18;TRIGANA ;Antioquia; Carepa ; Caribe ; Litoral rÌo LeÛn 
12010100;78;4601216,889;2437715,842;(8 , 4);15;EUPOL ;Antioquia; Turbo ; Caribe ; Litoral RÌo LeÛn
12010110;84;4598924,374;2442374,365;(8 , 3);18;PRADO MAR ;Antioquia; Turbo ; Caribe ; Litoral rÌo Mulatos y otros directos al Caribe 
12010120;84;4597697,167;2435344,447;(8 , 3);18;SANTA MARTHA ;Antioquia; Turbo ; Caribe ; Litoral rÌo LeÛn 
12010130;3;4591858,351;2410609,129;(8 , 3);18;CHIGORODO ;Antioquia; ChigorodÛ ; Caribe ; Litoral rÌo LeÛn 
12010140;8;4599445,042;2436381,057;(8 , 3);18;RIOGRANDE ;Antioquia; Turbo ; Caribe ; Litoral rÌo LeÛn 
12010150;0;4600832,093;2382850,433;(7 , 4);3;VILLA ARTEAGA ;Antioquia; Mutat· ; Caribe ; Litoral rÌo LeÛn 
12010160;24;4603060,739;2428967,73;(8 , 4);15;SAN JOSE APARTADO ;Antioquia; ApartadÛ ; Caribe ; Litoral RÌo LeÛn
12010170;41;4592786,267;2384061,306;(7 , 3);4;NUEVO ORIENTE ;Antioquia; Turbo ; Caribe ; DariÈn Directos Bajo Atrato entre rÌo Sucio y desembocadura 
12010180;24;4604980,249;2438178,295;(8 , 4);15;CHOROMANDO HACIENDA ;Antioquia; Turbo ; Caribe ; Litoral RÌo LeÛn
12015010;64;4615168,157;2369966,45;(7 , 4);3;VILLARTEAGA ;Antioquia; Mutat· ; Caribe ; Litoral rÌo LeÛn 
12015020;83;4597353,99;2424504,866;(8 , 3);18;UNIBAN ;Antioquia; ApartadÛ ; Caribe ; Litoral rÌo LeÛn 
12015030;14;4593651,694;2405056,831;(8 , 3);18;Idema Montecrisanto;Antioquia; ChigorodÛ ; Caribe ; Litoral rÌo LeÛn 
12015040;1;4593941,92;2438275,241;(8 , 3);18;NEGRA LA 1 ;Antioquia; Turbo ; Caribe ; Litoral rÌo LeÛn 
12015050;19;4599428,886;2434535,684;(8 , 3);18;RIOGRANDE ;Antioquia; Turbo ; Caribe ; Litoral rÌo LeÛn 
12015060;58;4595712,072;2418764,053;(8 , 3);18;Tulenapa Aut;Antioquia; Carepa ; Caribe ; Litoral RÌo LeÛn
12015070;72;4589995,423;2423514,277;(8 , 3);18;AEROPUERTO LOS CEDROS ;Antioquia; Carepa ; Caribe ; Litoral rÌo LeÛn 
12015080;12;4601078,377;2412375,606;(8 , 4);15;CERRAZON LA ;Antioquia; ChigorodÛ ; Caribe ; Litoral RÌo LeÛn
12015090;69;4602140,373;2392620,458;(7 , 4);3;PALMERA LA ;Antioquia; ChigorodÛ ; Caribe ; Litoral rÌo LeÛn 
12020010;95;4612209,74;2465795,396;(9 , 4);2;PUEBLO BELLO ;Antioquia; Turbo ; Caribe ; Litoral rÌo Mulatos y otros directos al Caribe 
12020040;17;4608755,024;2449217,865;(8 , 4);15;NUEVA ANTIOQUIA ;Antioquia; Turbo ; Caribe ; Litoral RÌo Mulatos y otros directos al Caribe 
12020170;12;4597852,769;2464078,429;(9 , 3);7;PLAYONA LA ;Antioquia; Turbo ; Caribe ; Litoral rÌo Mulatos y otros directos al Caribe 
12025010;26;4588590,607;2456780,524;(9 , 3);7;AEROPUERTO GONZALO ;Antioquia; Turbo ; Caribe ; Litoral rÌo Mulatos y otros directos al Caribe 
12025020;13;4594502,805;2499176,393;(9 , 3);7;CARIBIA ;Antioquia; NecoclÌ; Caribe ; Litoral rÌo Mulatos y otros directos al Caribe 
12025030;62;4595647,041;2503890,391;(10 , 3);1;El Mellito;Antioquia; NecoclÌ; Caribe ; Litoral rÌo Mulatos y otros directos al Caribe 
12025040;45;4590441,329;2454010,336;(9 , 3);7;Turbo Aut;Antioquia; Turbo ; Caribe ; Litoral 
12030010;92;4611329,203;2527278,436;(10 , 4);5;San Juan de Urab·;Antioquia; San Juan De Urab· ; Caribe ; Litoral rÌo Mulatos y otros directos al Caribe 
12030020;90;4628052,479;2512154,875;(10 , 4);5;El Carmelo;Antioquia; Arboletes ; Caribe ; Litoral rÌo San Juan 
12040010;88;4645852,356;2543085,79;(10 , 4);5;JARAMAGAL ;CÛrdoba; Puerto Escondido ; Caribe ; Litoral Rio Canalete y otros Arroyos Directos al Caribe
12040020;95;4644122,363;2530494,565;(10 , 4);5;CANALETE ;CÛrdoba; Canalete ; Caribe ; Litoral Rio Canalete y otros Arroyos Directos al Caribe
12045010;84;4622558,565;2537329,138;(10 , 4);5;ARBOLETES ;Antioquia; Arboletes ; Caribe ; Litoral Rio Canalete y otros Arroyos Directos al Caribe
12045020;86;4645620,734;2561935,713;(11 , 4);1;Cristo Rey Aut;CÛrdoba; Puerto Escondido ; Caribe ; Litoral Rio Canalete y otros Arroyos Directos al Caribe 
13010010;14;4663618,569;2408197,683;(8 , 5);2;MOLINILLO ;CÛrdoba; Tierralta ; Caribe ; Alto Sin√∫ Urr· 
13010020;7;4639912,862;2436044,321;(8 , 4);15;TUCURA ;CÛrdoba; Tierralta ; Caribe ; Alto Sin√∫ Urr· 
13010040;14;4672779,199;2402600,573;(8 , 5);2;FLECHA LA ;CÛrdoba; Tierralta ; Caribe ; Alto Sin√∫ Urr· 
13015010;10;4647100,395;2413852,223;(8 , 4);15;URRA 2 ;CÛrdoba; Tierralta ; Caribe ; Alto Sin√∫ Urr· 
13015020;7;4641780,932;2439719,184;(8 , 4);15;TUCURA ;CÛrdoba; Tierralta ; Caribe ; Alto Sin√∫ Urr· 
13015030;36;4643634,306;2441549,376;(8 , 4);15;CAMPO BELLO ;CÛrdoba; Tierralta ; Caribe ; Alto Sin√∫ Urr· 
13015040;31;4647001,365;2444935,757;(8 , 4);15;REPRESA URRA ;CÛrdoba; Tierralta ; Caribe ; Medio Sin√∫ 
13020020;42;4623344,479;2434332,768;(8 , 4);15;CIELO EL ;CÛrdoba; Tierralta ; Caribe ; Alto Sin√∫ Urr· 
13020040;19;4615788,042;2410407,871;(8 , 4);15;SAIZA ;CÛrdoba; Tierralta ; Caribe ; Alto Sin√∫ Urr· 
13025020;2;4641665,755;2424961,955;(8 , 4);15;ESMERALDA LA ;CÛrdoba; Tierralta ; Caribe ; Alto Sin√∫ Urr· 
13025030;47;4636190,68;2430539,216;(8 , 4);15;DESPENSA LA ;CÛrdoba; Tierralta ; Caribe ; Alto Sin√∫ Urr· 
13030010;95;4663691,381;2463898,482;(9 , 5);10;TIERRALTA ;CÛrdoba; Tierralta ; Caribe ; Medio Sin√∫ 
13035010;33;4638088,361;2437903,562;(8 , 4);15;PUERTO NUEVO ;CÛrdoba; Tierralta ; Caribe ; Alto Sin√∫ Urr· 
13035501;80;4689334,15;2534431,891;(10 , 5);28;AEROPUERTO LOS GARZONES ;CÛrdoba; MonterÌa ; Caribe ; Bajo Sin√∫ 
13040010;49;4632675,822;2450861,34;(9 , 4);2;QUIMARI ;CÛrdoba; Tierralta ; Caribe ; Alto Sin√∫ Urr· 
13040030;55;4650955,042;2472359,452;(9 , 5);10;PEZVAL ;CÛrdoba; Valencia ; Caribe ; Medio Sin√∫ 
13045010;27;4660449,908;2476465,801;(9 , 5);10;JARAGUAY ;CÛrdoba; Valencia ; Caribe ; Medio Sin√∫ 
13050010;93;4665126,126;2537143,135;(10 , 5);28;SANTA LUCIA ;CÛrdoba; MonterÌa ; Caribe ; Bajo Sin√∫ 
13050020;84;4656306,976;2517171,398;(10 , 5);28;SANTA CRUZ HACIENDA ;CÛrdoba; MonterÌa ; Caribe ; Bajo Sin√∫ 
13050030;94;4650495,869;2498895,638;(9 , 5);10;LOMA VERDE ;CÛrdoba; MonterÌa ; Caribe ; Bajo Sin√∫ 
13050040;7;4673434,341;2492965,549;(9 , 5);10;TRES PIEDRAS ;CÛrdoba; MonterÌa ; Caribe ; Medio Sin√∫ 
13055010;12;4666219,645;2509621,029;(10 , 5);28;VORAGINE LA ;CÛrdoba; MonterÌa ; Caribe ; Bajo Sin√∫ 
13055030;58;4672970,442;2516115,497;(10 , 5);28;GALAN ;CÛrdoba; MonterÌa ; Caribe ; Medio Sin√∫ 
13060010;87;4685151,333;2504803,409;(10 , 5);28;SAN ANTERITO ;CÛrdoba; MonterÌa ; Caribe ; Medio Sin√∫ 
13060020;97;4695640,403;2495660,38;(9 , 5);10;BUENOS AIRES ;CÛrdoba; MonterÌa ; Caribe ; Medio Sin√∫ 
13060030;95;4680200,552;2472566,82;(9 , 5);10;CARAMELO ;CÛrdoba; Tierralta ; Caribe ; Medio Sin√∫ 
13065010;16;4673420,31;2491121,339;(9 , 5);10;TORPEZA LA ;CÛrdoba; MonterÌa ; Caribe ; Medio Sin√∫ 
13065020;74;4682949,683;2488468,128;(9 , 5);10;MARACAYO ;CÛrdoba; MonterÌa ; Caribe ; Medio Sin√∫ 
13070010;88;4677425,486;2590990,921;(11 , 5);13;LIMON EL ;CÛrdoba; San Bernardo Del Viento ; Caribe ; Bajo Sin√∫ 
13070020;90;4704752,494;2579524,957;(11 , 6);5;MOMIL ;CÛrdoba; Momil ; Caribe ; Bajo Sin√∫ 
13070030;50;4688608,715;2557396,976;(11 , 5);13;SABANA NUEVA ;CÛrdoba; San Pelayo ; Caribe ; Bajo Sin√∫ 
13070040;97;4698533,511;2548168,657;(10 , 5);28;RABOLARGO ;CÛrdoba; CeretÈ ; Caribe ; Bajo Sin√∫ 
13070050;91;4693667,298;2541535,833;(10 , 5);28;CERETE ;CÛrdoba; CeretÈ ; Caribe ; Bajo Sin√∫ 
13070070;98;4685929,061;2534909,638;(10 , 5);28;BOCA DE LA CEIBA ;CÛrdoba; MonterÌa ; Caribe ; Bajo Sin√∫ 
13070080;31;4717871,296;2547961,559;(10 , 6);13;SIGLO EL ;CÛrdoba; CiÈnaga De Oro ; Caribe ; Bajo Sin√∫ 
13070090;96;4702923,998;2530428,27;(10 , 6);13;SAN CARLOS ;CÛrdoba; San Carlos; Caribe ; Bajo Sin√∫ 
13070100;96;4713887,623;2524880,815;(10 , 6);13;SANTA ROSA ;CÛrdoba; San Carlos; Caribe ; Bajo Sin√∫ 
13070110;98;4697098,224;2518453,954;(10 , 5);28;CARRIZAL ;CÛrdoba; San Carlos; Caribe ; Bajo Sin√∫ 
13070120;95;4705449,178;2520115,116;(10 , 6);13;CALLEMAR ;CÛrdoba; San Carlos; Caribe ; Bajo Sin√∫ 
13070130;52;4688396,723;2529736,461;(10 , 5);28;CALIFORNIA ;CÛrdoba; MonterÌa ; Caribe ; Bajo Sin√∫ 
13070140;54;4697609,075;2535199,873;(10 , 5);28;COROZA 1 ;CÛrdoba; CeretÈ ; Caribe ; Bajo Sin√∫ 
13070150;51;4684741,995;2531608,429;(10 , 5);28;MOCARI ;CÛrdoba; MonterÌa ; Caribe ; Bajo Sin√∫ 
13070160;46;4703151,206;2540691,154;(10 , 6);13;BERASTEGUI ;CÛrdoba; CiÈnaga De Oro ; Caribe ; Bajo Sin√∫ 
13070170;81;4697590,399;2528500,143;(10 , 5);28;BUENOS AIRES 1 ;CÛrdoba; San Carlos; Caribe ; Bajo Sin√∫ 
13070180;80;4688737,91;2551986,465;(11 , 5);13;CARRILLO ;CÛrdoba; San Pelayo ; Caribe ; Bajo Sin√∫ 
13070190;82;4695935,006;2532046,678;(10 , 5);28;COROZA 2 ;CÛrdoba; San Carlos; Caribe ; Bajo Sin√∫ 
13070200;45;4692204,474;2548148,705;(10 , 5);28;COROCITO ;CÛrdoba; San Pelayo ; Caribe ; Bajo Sin√∫ 
13070210;44;4694108,033;2557354,621;(11 , 5);13;COTORRA ;CÛrdoba; Cotorra ; Caribe ; Bajo Sin√∫ 
13070220;47;4686590,404;2533438,47;(10 , 5);28;FLOR DEL SINU ;CÛrdoba; MonterÌa ; Caribe ; Bajo Sin√∫ 
13070230;51;4684713,793;2527920,277;(10 , 5);28;HORIZONTE ;CÛrdoba; MonterÌa ; Caribe ; Bajo Sin√∫ 
13070240;45;4687009,561;2586916,533;(11 , 5);13;CERRO BAHIA ;CÛrdoba; Lorica ; Caribe ; Bajo Sin√∫ 
13070250;47;4683360,945;2588790,322;(11 , 5);13;TRAPICHE EL ;CÛrdoba; Lorica ; Caribe ; Bajo Sin√∫ 
13070260;45;4686520,379;2524218,219;(10 , 5);28;LAMAS 3 ;CÛrdoba; MonterÌa ; Caribe ; Bajo Sin√∫ 
13070270;49;4687497,493;2534522,679;(10 , 5);28;MONTERIA ;CÛrdoba; MonterÌa ; Caribe ; Bajo Sin√∫ 
13070280;80;4697419,817;2530253,193;(10 , 5);28;SABANAL ;CÛrdoba; MonterÌa ; Caribe ; Bajo Sin√∫ 
13070290;61;4695544,605;2512134,15;(10 , 5);28;TAMPA ;CÛrdoba; MonterÌa ; Caribe ; Bajo Sin√∫ 
13070300;8;4712530,703;2570125,016;(11 , 6);5;CHIMA ;CÛrdoba; Chima; Caribe ; Bajo Sin√∫ 
13070310;1;4712530,703;2570125,016;(11 , 6);5;CHIMA ;CÛrdoba; Chima; Caribe ; Bajo Sin√∫ 
13070330;2;4695955,092;2559184,614;(11 , 5);13;ICOTEAS LAS ;CÛrdoba; Cotorra ; Caribe ; Bajo Sin√∫ 
13070340;43;4692024,266;2524176,981;(10 , 5);28;PALMA DE VINO ;CÛrdoba; MonterÌa ; Caribe ; Bajo Sin√∫ 
13070390;0;4710842,085;2539160,812;(10 , 6);13;CIENAGA DE ORO ;CÛrdoba; CiÈnaga De Oro ; Caribe ; Bajo Sin√∫ 
13070420;2;4687009,561;2586916,533;(11 , 5);13;CNO EL MUERTO ;CÛrdoba; Lorica ; Caribe ; Bajo Sin√∫ 
13070440;57;4701463,374;2592580,817;(11 , 6);5;VILLA MARCELA ;CÛrdoba; San Antero ; Caribe ; Litoral Directos Caribe Golfo de Morrosquillo 
13075010;85;4711935,831;2570212,316;(11 , 6);5;CHIMA ;CÛrdoba; Chima; Caribe ; Bajo Sin√∫ 
13075020;96;4716132,348;2543978,909;(10 , 6);13;SALADO EL ;CÛrdoba; CiÈnaga De Oro ; Caribe ; Bajo Sin√∫ 
13075030;90;4691904,182;2535927,736;(10 , 5);28;TURIPANA ;CÛrdoba; CeretÈ ; Caribe ; Bajo Sin√∫ 
13075040;9;4706818,56;2540664,612;(10 , 6);13;AEROPUERTO BERASTEGUI ;CÛrdoba; CiÈnaga De Oro ; Caribe ; Bajo Sin√∫ 
13075050;61;4685302,42;2530927,941;(10 , 5);28;UNIV DE CORDOBA ;CÛrdoba; MonterÌa ; Caribe ; Bajo Sin√∫ 
13075060;2;4682865,11;2526090,218;(10 , 5);28;MONTERIA ;CÛrdoba; MonterÌa ; Caribe ; Bajo Sin√∫ 
13077070;97;4710842,085;2539160,812;(10 , 6);13;CIENAGA DE ORO ;CÛrdoba; CiÈnaga De Oro ; Caribe ; Bajo Sin√∫ 
13080010;97;4675322,517;2546716,067;(10 , 5);28;SAN ANTONIO ;CÛrdoba; San Pelayo ; Caribe ; Bajo Sin√∫ 
13080020;6;4688797,215;2581369,652;(11 , 5);13;LORICA ;CÛrdoba; Lorica ; Caribe ; Bajo Sin√∫ 
13080030;0;4672019,331;2546462,939;(10 , 5);28;SAN ANTONIO ;CÛrdoba; San Pelayo ; Caribe ; Bajo Sin√∫ 
13080060;1;4683345,921;2586946,18;(11 , 5);13;DOCTRINA LA ;CÛrdoba; Lorica ; Caribe ; Bajo Sin√∫ 
13085010;91;4682305,361;2586647,284;(11 , 5);13;DOCTRINA LA ;CÛrdoba; Lorica ; Caribe ; Bajo Sin√∫ 
13085030;93;4676083,079;2594752,355;(11 , 5);13;SAN BERNARDO DEL VIENTO ;CÛrdoba; San Bernardo Del Viento ; Caribe ; Bajo Sin√∫ 
13085050;78;4687581,314;2581680,563;(11 , 5);13;Lorica Ita Aut;CÛrdoba; Lorica ; Caribe ; Bajo Sin√∫ 
16050140;7;4974287,77;2425424,636;(8 , 11);5;JURISDICCIONES ;Norte de Santander; Ì¬Åbrego ; Magdalena Cauca ; rÌo Lebrija y otros directos al Magdalena 
21210020;94;4742503,699;2061881,91;(1 , 6);24;JUNTAS LAS ;Tolima; IbaguÈ ; Magdalena Cauca ; rÌo Coello 
21210100;40;4741542,335;2066750,75;(1 , 6);24;RANCHO EL ;Tolima; IbaguÈ ; Magdalena Cauca ; rÌo Coello 
21210110;71;4747346,333;2057956,202;(1 , 6);24;PLACER EL ;Tolima; IbaguÈ ; Magdalena Cauca ; rÌo Coello 
21210220;94;4742065,244;2064515,849;(1 , 6);24;PALMAR EL ;Tolima; IbaguÈ ; Magdalena Cauca ; rÌo Coello 
21210260;32;4735685,608;2070422,601;(1 , 6);24;SILENCIO EL ;Tolima; IbaguÈ ; Magdalena Cauca ; rÌo Coello 
21230070;88;4820110,026;2094275,253;(1 , 8);10;SAN JUAN D RIOSECO ;Cundinamarca; San Juan De Rioseco ; Magdalena Cauca ; rÌo Seco y otros Directos al Magdalena 
21230090;78;4808410,069;2133157,692;(2 , 8);12;ARRANCAPLUMAS ;Cundinamarca; Guaduas ; Magdalena Cauca ; rÌo Seco y otros Directos al Magdalena 
21230120;66;4824771,168;2109088,38;(2 , 8);12;BELLEZA LA ;Cundinamarca; ChaguanÌ ; Magdalena Cauca ; rÌo Seco y otros Directos al Magdalena 
21240040;28;4767144,519;2077694,324;(1 , 7);23;SANTA ISABEL ;Tolima; Santa Isabel ; Magdalena Cauca ; rÌo Totare (1 , 7) 
21240070;86;4768233,318;2070780,609;(1 , 7);23;ANZOATEGUI ;Tolima; Anzo·tegui ; Magdalena Cauca ; rÌo Totare (1 , 7) 
21240110;60;4762839,422;2081644,93;(1 , 7);23;BODEGA LA ;Tolima; Santa Isabel ; Magdalena Cauca ; rÌo Lagunilla y Otros Directos al Magdalena 
21245050;0;4739427,695;2083311,908;(1 , 6);24;AFRICA ABAJO ;Tolima; Santa Isabel ; Magdalena Cauca ; rÌo Totare (1 , 6) 
21245070;0;4735735,895;2085167,706;(1 , 6);24;AFRICA LA LINEA ;Tolima; Santa Isabel ; Magdalena Cauca ; rÌo Ot√∫n y otros directos al Cauca 
21245090;29;4750509,716;2079589,076;(1 , 7);23;ERMITA LA ;Tolima; Santa Isabel ; Magdalena Cauca ; rÌo Totare (1 , 7) 
21245100;3;4748660,685;2079595,072;(1 , 6);24;TOTARITO ;Tolima; Santa Isabel ; Magdalena Cauca ; rÌo Totare (1 , 6) 
21245120;3;4767150,066;2079537,109;(1 , 7);23;ALTO PURIMA ;Tolima; Santa Isabel ; Magdalena Cauca ; rÌo Lagunilla y Otros Directos al Magdalena 
21245140;75;4767763,514;2079003,922;(1 , 7);23;SANTA ISABEL ;Tolima; Santa Isabel ; Magdalena Cauca ; rÌo Lagunilla y Otros Directos al Magdalena 
21250050;59;4750558,022;2094332,831;(1 , 7);23;ALTO DEL OSO ;Tolima; Murillo ; Magdalena Cauca ; rÌo Lagunilla y Otros Directos al Magdalena 
21250060;21;4787564,194;2107117,246;(2 , 7);24;Idema Armero;Tolima; Armero (Guayabal) ; Magdalena Cauca ; rÌo Lagunilla y Otros Directos al Magdalena 
21250070;94;4785401,461;2088709,597;(1 , 7);23;SIERRA LA ;Tolima; LÈrida ; Magdalena Cauca ; rÌo Lagunilla y Otros Directos al Magdalena 
21250100;58;4789493,236;2084466,35;(1 , 7);23;ESTRELLA LA ;Tolima; Venadillo ; Magdalena Cauca ; rÌo Lagunilla y Otros Directos al Magdalena 
21250120;62;4765300,572;2112734,22;(2 , 7);24;VILLAHERMOSA ;Tolima; Villahermosa ; Magdalena Cauca ; rÌo Lagunilla y Otros Directos al Magdalena 
21250150;4;4796793,555;2103406,051;(2 , 7);24;PUENTE KM 85 EL ;Tolima; Armero (Guayabal) ; Magdalena Cauca ; rÌo Lagunilla y Otros Directos al Magdalena 
21250170;48;4750269,841;2100292,815;(2 , 7);24;BOQUERON ;Tolima; Villahermosa ; Magdalena Cauca ; rÌo Lagunilla y Otros Directos al Magdalena 
21250190;33;4789375,528;2094213,921;(1 , 7);23;GARCIA HACIENDA ;Tolima; LÈrida ; Magdalena Cauca ; rÌo Lagunilla y Otros Directos al Magdalena 
21250310;1;4802293,624;2086808,964;(1 , 8);10;IDEMA ;Tolima; Ambalema ; Magdalena Cauca ; rÌo Lagunilla y Otros Directos al Magdalena 
21250350;4;4800469,651;2096026,103;(1 , 8);10;TRIUNFO EL HACIENDA ;Tolima; Ambalema ; Magdalena Cauca ; rÌo Lagunilla y Otros Directos al Magdalena 
21250360;4;4793097,606;2103416,318;(2 , 7);24;PUENTE EL KM 89 ;Tolima; Armero (Guayabal) ; Magdalena Cauca ; rÌo Lagunilla y Otros Directos al Magdalena 
21250370;27;4798641,503;2103400,988;(2 , 7);24;FLORIDA LA HACIENDA ;Tolima; Ambalema ; Magdalena Cauca ; rÌo Lagunilla y Otros Directos al Magdalena 
21250410;0;4787553,553;2103432,064;(2 , 7);24;BLEDONIA ;Tolima; LÈrida ; Magdalena Cauca ; rÌo Lagunilla y Otros Directos al Magdalena 
21250430;59;4804141,931;2086804,187;(1 , 8);10;CAMPAMENTO AMBALEM ;Tolima; Ambalema ; Magdalena Cauca ; rÌo Lagunilla y Otros Directos al Magdalena 
21250440;4;4785684,25;2096066,984;(1 , 7);23;ALEGRIAS ;Tolima; Ambalema ; Magdalena Cauca ; rÌo Lagunilla y Otros Directos al Magdalena 
21250450;95;4791382,942;2116653,876;(2 , 7);24;POTOSI HACIENDA ;Tolima; Armero (Guayabal) ; Magdalena Cauca ; rÌo Lagunilla y Otros Directos al Magdalena 
21250460;85;4787349,967;2073634,754;(1 , 7);23;VENADILLO ;Tolima; Venadillo ; Magdalena Cauca ; rÌo Lagunilla y Otros Directos al Magdalena 
21250480;62;4753884,65;2100581,763;(2 , 7);24;SANTA BARBARA ;Tolima; Murillo ; Magdalena Cauca ; rÌo Lagunilla y Otros Directos al Magdalena 
21250500;96;4769896,876;2102219,612;(2 , 7);24;LIBANO ;Tolima; LÌbano ; Magdalena Cauca ; rÌo Lagunilla y Otros Directos al Magdalena 
21250510;22;4787564,194;2107117,246;(2 , 7);24;Armero Granja C Unive;Tolima; Armero (Guayabal) ; Magdalena Cauca ; rÌo Lagunilla y Otros Directos al Magdalena 
21250530;3;4769077,969;2105330,342;(2 , 7);24;PALMA LA ;Tolima; LÌbano ; Magdalena Cauca ; rÌo Lagunilla y Otros Directos al Magdalena 
21250540;39;4800445,299;2086813,785;(1 , 8);10;BOCATOMA C NORTE ;Tolima; Ambalema ; Magdalena Cauca ; rÌo Lagunilla y Otros Directos al Magdalena 
21250550;21;4785678,982;2094224,38;(1 , 7);23;ESPERANZA LOBONES ;Tolima; LÈrida ; Magdalena Cauca ; rÌo Lagunilla y Otros Directos al Magdalena 
21250560;37;4798611,654;2092346,089;(1 , 7);23;CHORRILLO ;Tolima; Ambalema ; Magdalena Cauca ; rÌo Lagunilla y Otros Directos al Magdalena 
21250570;36;4794920,215;2094198,574;(1 , 7);23;IGUACITOS ;Tolima; LÈrida ; Magdalena Cauca ; rÌo Lagunilla y Otros Directos al Magdalena 
21250580;34;4796753,528;2088666,058;(1 , 7);23;BOQUERON ;Tolima; Ambalema ; Magdalena Cauca ; rÌo Lagunilla y Otros Directos al Magdalena 
21250590;39;4802293,624;2086808,964;(1 , 8);10;BOCATOMA C CENTRAL ;Tolima; Ambalema ; Magdalena Cauca ; rÌo Lagunilla y Otros Directos al Magdalena 
21250600;35;4804151,441;2090489,046;(1 , 8);10;GAMBA ;Tolima; Ambalema ; Magdalena Cauca ; rÌo Lagunilla y Otros Directos al Magdalena 
21250610;36;4802312,891;2094178,75;(1 , 8);10;ALSACIA ;Tolima; Ambalema ; Magdalena Cauca ; rÌo Lagunilla y Otros Directos al Magdalena 
21250620;37;4787516,872;2090533,959;(1 , 7);23;MANGON EL ;Tolima; LÈrida ; Magdalena Cauca ; rÌo Lagunilla y Otros Directos al Magdalena 
21250630;36;4787511,703;2088691,375;(1 , 7);23;BALMORAL ;Tolima; LÈrida ; Magdalena Cauca ; rÌo Lagunilla y Otros Directos al Magdalena 
21250640;2;4800440,48;2084971,325;(1 , 8);10;PIEDRAS NEGRAS ;Tolima; Ambalema ; Magdalena Cauca ; rÌo Lagunilla y Otros Directos al Magdalena 
21255070;0;4787553,553;2103432,064;(2 , 7);24;BLEDONIA ;Tolima; LÈrida ; Magdalena Cauca ; rÌo Lagunilla y Otros Directos al Magdalena 
21255080;89;4804000,347;2086850,613;(1 , 8);10;SALTO EL ;Tolima; Ambalema ; Magdalena Cauca ; rÌo Coello 
21255090;66;4789423,68;2110797,061;(2 , 7);24;ARMERO GRANJA ;Tolima; Armero (Guayabal) ; Magdalena Cauca ; rÌo Lagunilla y Otros Directos al Magdalena 
21255110;82;4763613,71;2077898,511;(1 , 7);23;SANTA ISABEL ;Tolima; Santa Isabel ; Magdalena Cauca ; rÌo Totare (1 , 7) 
21255120;80;4765300,572;2112734,22;(2 , 7);24;VILLAHERMOSA ;Tolima; Villahermosa ; Magdalena Cauca ; rÌo Lagunilla y Otros Directos al Magdalena 
21255140;58;4787077,851;2091069,548;(1 , 7);23;QUINTA LA ;Tolima; LÈrida ; Magdalena Cauca ; rÌo Lagunilla y Otros Directos al Magdalena 
21255150;49;4790313,647;2094810,132;(1 , 7);23;GARCIA HACIENDA ;Tolima; LÈrida ; Magdalena Cauca ; rÌo Lagunilla y Otros Directos al Magdalena 
21255170;98;4759075,115;2096577,929;(1 , 7);23;Murillo Aut;Tolima; Murillo ; Magdalena Cauca ; rÌo Lagunilla y Otros Directos al Magdalena 
22050100;61;4767469,136;2072889,796;(1 , 7);23;GUAYABOS LOS ;Tolima; Coyaima ; Magdalena Cauca ; rÌo Totare (1 , 7) 
23010020;94;4772967,046;2128358,872;(2 , 7);24;EDEN EL ;Tolima; Fresno ; Magdalena Cauca ; rÌo GualÌ 
23010070;4;4791329,737;2131059,928;(2 , 7);24;MACARENA LA HACIENDA ;Tolima; Mariquita ; Magdalena Cauca ; rÌo GualÌ 
23010080;97;4806159,283;2133016,495;(2 , 8);12;Idema Honda;Tolima; Honda ; Magdalena Cauca ; rÌo GualÌ 
23010110;5;4793177,026;2131054,464;(2 , 7);24;SUBESTACION ELECTR ;Tolima; Mariquita ; Magdalena Cauca ; rÌo GualÌ 
23015040;50;4790999,768;2133978,338;(2 , 7);24;AEROPUERTO MARIQUITA ;Tolima; Mariquita ; Magdalena Cauca ; rÌo GualÌ 
23020080;87;4762457,529;2140249,33;(2 , 7);24;MANZANARES ;Caldas; Manzanares ; Magdalena Cauca ; rÌo GuarinÛ 
23020090;88;4748822,429;2141685,947;(2 , 6);13;MARULANDA ;Caldas; Marulanda ; Magdalena Cauca ; rÌo GuarinÛ 
23020100;88;4787906,467;2146299,439;(2 , 7);24;VICTORIA LA ;Caldas; Victoria ; Magdalena Cauca ; rÌo GuarinÛ 
23025020;85;4808443,689;2139778,06;(2 , 8);12;ESPERANZA LA ;Tolima; Honda ; Magdalena Cauca ; rÌo GualÌ 
23025040;65;4789224,236;2142383,197;(2 , 7);24;ALBANIA ;Tolima; Mariquita ; Magdalena Cauca ; rÌo GuarinÛ 
23030010;5;4819120,213;2162302,697;(3 , 8);10;ESPERANZA LA HACIENDA ;Cundinamarca; Puerto Salgar ; Magdalena Cauca ; Directos al Magdalena entre rÌos Seco y Negro (md) 
23035020;73;4816752,339;2162831,177;(3 , 8);10;AEROPUERTO PALANQUERO ;Cundinamarca; Puerto Salgar ; Magdalena Cauca ; Directos al Magdalena entre rÌos Seco y Negro (md) 
23040030;88;4814379,277;2163700,609;(3 , 8);10;Idema Dorada;Caldas; La Dorada ; Magdalena Cauca ; Directos Magdalena entre rÌos GuarinÛ y La Miel 
23040050;1;4809878,499;2158643,584;(3 , 8);10;BASCULA LA ;Caldas; La Dorada ; Magdalena Cauca ; Directos Magdalena entre rÌos GuarinÛ y La Miel 
23040060;4;4808032,106;2158648,849;(3 , 8);10;PALMAR EL HACIENDA ;Caldas; La Dorada ; Magdalena Cauca ; Directos Magdalena entre rÌos GuarinÛ y La Miel 
23040070;86;4784880,037;2147119,658;(2 , 7);24;CANAVERAL ;Caldas; Victoria ; Magdalena Cauca ; rÌo La Miel (Saman·) 
23050070;18;4809920,838;2173382,924;(3 , 8);10;NORCASIA ;Caldas; Victoria ; Magdalena Cauca ; Directos Magdalena entre rÌos GuarinÛ y La Miel 
23050080;94;4772069,502;2143899,467;(2 , 7);24;MARQUETALIA ;Caldas; Marquetalia ; Magdalena Cauca ; rÌo La Miel (Saman·) 
23050100;77;4808931,664;2191524,734;(3 , 8);10;SAN MIGUEL ;Antioquia; SonsÛn ; Magdalena Cauca ; rÌo La Miel (Saman·) 
23050230;84;4761935,904;2152269,865;(3 , 7);5;SAN JOSE PENSILVAN ;Caldas; Pensilvania ; Magdalena Cauca ; rÌo La Miel (Saman·) 
23050250;74;4790536,892;2174305,11;(3 , 7);5;NORCASIA RADIO ;Caldas; Norcasia ; Magdalena Cauca ; rÌo La Miel (Saman·) 
23055040;85;4778568,619;2157204,152;(3 , 7);5;SAMANA ;Caldas; Saman· ; Magdalena Cauca ; rÌo La Miel (Saman·) 
23055070;52;4763093,962;2191596,285;(3 , 7);5;ARGELIA ;Antioquia; Argelia; Magdalena Cauca ; rÌo La Miel (Saman·) 
23055080;18;4772985,207;2169815,161;(3 , 7);5;FLORENCIA ;Caldas; Saman· ; Magdalena Cauca ; rÌo La Miel (Saman·) 
23060090;10;4848666,083;2165913,245;(3 , 8);10;YACOPI ;Cundinamarca; YacopÌ; Magdalena Cauca ; rÌo Negro 
23060110;92;4834436,708;2149609,83;(2 , 8);12;CAPARRAPI ;Cundinamarca; CaparrapÌ ; Magdalena Cauca ; rÌo Negro 
23060140;89;4821807,098;2118386,895;(2 , 8);12;TUSCOLO EL ;Cundinamarca; Guaduas ; Magdalena Cauca ; rÌo Negro 
23060150;87;4819874,411;2194535,72;(3 , 8);10;PUERTO LIBRE ;Cundinamarca; Puerto Salgar ; Magdalena Cauca ; rÌo Negro 
23060160;87;4838057,251;2164289,581;(3 , 8);10;SAN PABLO ;Cundinamarca; CaparrapÌ ; Magdalena Cauca ; rÌo Negro 
23060170;73;4846142,115;2149269,183;(2 , 8);12;PALMA LA ;Cundinamarca; La Palma ; Magdalena Cauca ; rÌo Negro 
23060180;90;4856600,933;2138645,278;(2 , 9);6;PENON EL ;Cundinamarca; El Pe√±Ûn; Magdalena Cauca ; rÌo Negro 
23060190;86;4835423,421;2132352,069;(2 , 8);12;UTICA ;Cundinamarca; Ì≈°tica ; Magdalena Cauca ; rÌo Negro 
23060260;64;4846857,913;2117797,98;(2 , 8);12;CHILAGUA FINCA ;Cundinamarca; Nocaima ; Magdalena Cauca ; rÌo Negro 
23060270;5;4872586,155;2125339,69;(2 , 9);6;CABRERA LA ;Cundinamarca; Pacho ; Magdalena Cauca ; rÌo Negro 
23060290;67;4843508,08;2107694,942;(2 , 8);12;SILENCIO EL ;Cundinamarca; Sasaima ; Magdalena Cauca ; rÌo Negro 
23060370;23;4848537,809;2106965,949;(2 , 8);12;ESTANCIA LA ;Cundinamarca; La Vega ; Magdalena Cauca ; rÌo Negro 
23065110;83;4850000,384;2164160,195;(3 , 9);15;YACOPI Aut;Cundinamarca; YacopÌ; Magdalena Cauca ; rÌo Negro 
23065120;86;4873766,66;2126246,273;(2 , 9);6;CABRERA LA ;Cundinamarca; Pacho ; Magdalena Cauca ; rÌo Negro 
23065200;9;4833339,188;2113799,739;(2 , 8);12;TRAPICHE EL ;Cundinamarca; Villeta ; Magdalena Cauca ; rÌo Negro 
23070010;54;4804996,454;2205981,864;(4 , 8);6;CLARO DE LUNA ;Antioquia; SonsÛn ; Magdalena Cauca ; Directos Magdalena Medio entre rÌos La Miel y Nare 
23070020;66;4795436,611;2205361,586;(4 , 7);13;RIO CLARO ;Antioquia; SonsÛn ; Magdalena Cauca ; Directos Magdalena Medio entre rÌos La Miel y Nare 
23080390;83;4760785,105;2273245,007;(5 , 7);20;SANTO DOMINGO ;Antioquia; Santo Domingo ; Magdalena Cauca ; rÌo Nare 
23080490;33;4780631,666;2243498,555;(4 , 7);13;SAN CARLOS ;Antioquia; San Carlos; Magdalena Cauca ; rÌo Nare 
23080630;30;4780708,593;2263768,662;(5 , 7);20;TOPACIO EL ;Antioquia; San Rafael ; Magdalena Cauca ; rÌo Nare 
23080640;93;4742476,387;2240455,761;(4 , 6);19;MARINILLA ;Antioquia; Marinilla ; Magdalena Cauca ; rÌo Nare 
23080650;92;4741587,176;2229698,542;(4 , 6);19;CAMPOALEGRE ;Antioquia; Carmen De Viboral ; Magdalena Cauca ; rÌo Nare 
23080660;25;4764154,675;2273049,542;(5 , 7);20;MORRO EL ;Antioquia; Santo Domingo ; Magdalena Cauca ; rÌo Nare 
23080680;29;4762272,576;2263842,629;(5 , 7);20;ALEJANDRIA ;Antioquia; AlejandrÌa ; Magdalena Cauca ; rÌo Nare 
23080720;64;4814846,079;2251800,529;(5 , 8);9;CANTERAS ;Antioquia; Puerto Nare ; Magdalena Cauca ; rÌo Nare 
23080730;47;4775141,852;2254576,247;(5 , 7);20;TEJAR EL ;Antioquia; San Rafael ; Magdalena Cauca ; rÌo Nare 
23080740;89;4750202,532;2265399,488;(5 , 7);20;CONCEPCION ;Antioquia; ConcepciÛn; Magdalena Cauca ; rÌo Nare 
23080750;88;4758514,393;2227367,158;(4 , 7);13;COCORNA ;Antioquia; Cocorn· ; Magdalena Cauca ; rÌo Nare 
23080760;88;4777030,132;2275300,517;(5 , 7);20;SAN ROQUE ;Antioquia; San Roque ; Magdalena Cauca ; rÌo Nare 
23080790;37;4747317,095;2215985,95;(4 , 6);19;LINDA LA ;Antioquia; Carmen De Viboral ; Magdalena Cauca ; rÌo Nare 
23080800;36;4789845,626;2241622,154;(4 , 7);13;PATIO BONITO ;Antioquia; San Carlos; Magdalena Cauca ; rÌo Nare 
23080810;66;4797825,069;2248909,27;(4 , 7);13;JORDAN EL ;Antioquia; San Carlos; Magdalena Cauca ; rÌo Nare 
23080820;63;4765734,517;2237664,99;(4 , 7);13;TAFETANES ;Antioquia; Granada; Magdalena Cauca ; rÌo Nare 
23080910;15;4769537,593;2236169,617;(4 , 7);13;MEDIOS LOS ;Antioquia; Granada; Magdalena Cauca ; rÌo Nare 
23080920;55;4748876,404;2235884,902;(4 , 6);19;SANTUARIO ;Antioquia; Santuario; Magdalena Cauca ; rÌo Nare 
23080930;20;4780631,666;2243498,555;(4 , 7);13;POPO EL ;Antioquia; San Carlos; Magdalena Cauca ; rÌo Nare 
23080940;46;4779222,025;2263912,614;(5 , 7);20;PRESA SAN LORENZO ;Antioquia; AlejandrÌa ; Magdalena Cauca ; rÌo Nare 
23080950;20;4767811,104;2265662,686;(5 , 7);20;VIENTO EL ;Antioquia; AlejandrÌa ; Magdalena Cauca ; rÌo Nare 
23085010;5;4771389,196;2238005,298;(4 , 7);13;CALDERAS ;Antioquia; San Carlos; Magdalena Cauca ; rÌo Nare 
23085030;63;4763000,65;2263056,338;(5 , 7);20;ALEJANDRIA ;Antioquia; AlejandrÌa ; Magdalena Cauca ; rÌo Nare 
23085080;87;4796967,525;2274791,715;(5 , 7);20;Granja Experimental El Nus Aut;Antioquia; San Roque ; Magdalena Cauca ; rÌo Nare 
23085100;3;4734439,349;2225256,83;(4 , 6);19;CARMELO EL HACIENDA ;Antioquia; La Ceja ; Magdalena Cauca ; rÌo Nare 
23085110;87;4752091,582;2245184,991;(4 , 7);13;PENOL EL ;Antioquia; Pe√±ol; Magdalena Cauca ; rÌo Nare 
23085130;11;4780631,666;2243498,555;(4 , 7);13;SAN CARLOS ;Antioquia; San Carlos; Magdalena Cauca ; rÌo Nare 
23085140;87;4767543,779;2217432,212;(4 , 7);13;SAN FRANCISCO ;Antioquia; San Francisco; Magdalena Cauca ; rÌo Nare 
23085160;81;4750782,331;2255997,174;(5 , 7);20;CORRIENTES ;Antioquia; San Vicente ; Magdalena Cauca ; rÌo Nare 
23085210;54;4778543,053;2259968,607;(5 , 7);20;VIOLETAS LAS ;Antioquia; San Rafael ; Magdalena Cauca ; rÌo Nare 
23085220;68;4774463,368;2238841,189;(4 , 7);13;SAN CARLOS ;Antioquia; San Carlos; Magdalena Cauca ; rÌo Nare 
23085260;81;4732876,551;2236166,766;(4 , 6);19;LA SELVA Aut;Antioquia; Rionegro; Magdalena Cauca ; rÌo Nare 
23085270;74;4731186,072;2240386,369;(4 , 6);19;Aerop. J.M. CORDOVA Aut;Antioquia; Rionegro; Magdalena Cauca ; rÌo Nare 
23090020;84;4814061,581;2264780,06;(5 , 8);9;VIRGINIAS ;Antioquia; Puerto BerrÌo ; Magdalena Cauca ; RiÛ San Bartolo y otros directos al Magdalena Medio 
23090040;14;4845256,656;2276452,246;(5 , 8);9;PUERTO BERRIO ;Antioquia; Puerto BerrÌo ; Magdalena Cauca ; RiÛ San Bartolo y otros directos al Magdalena Medio 
23090080;0;4845256,656;2276452,246;(5 , 8);9;PUERTO BERRIO ;Antioquia; Puerto BerrÌo ; Magdalena Cauca ; RiÛ San Bartolo y otros directos al Magdalena Medio 
23090090;13;4847099,192;2276447,179;(5 , 8);9;POZOS LOS ;Antioquia; Puerto BerrÌo ; Magdalena Cauca ; Directos al Magdalena Medio entre rÌos Negro 
23090100;32;4839760,886;2287521,308;(5 , 8);9;SAN JUAN BEDUTH ;Antioquia; Puerto BerrÌo ; Magdalena Cauca ; RiÛ San Bartolo y otros directos al Magdalena Medio 
23090110;69;4845810,365;2287841,782;(5 , 8);9;MURILLO ;Antioquia; Puerto BerrÌo ; Magdalena Cauca ; RiÛ San Bartolo y otros directos al Magdalena Medio 
23095010;72;4843894,687;2272587,349;(5 , 8);9;AEROPUERTO PUERTO BERRIO ;Antioquia; Puerto BerrÌo ; Magdalena Cauca ; RiÛ San Bartolo y otros directos al Magdalena Medio 
23100030;98;4802752,773;2314226,828;(6 , 8);8;TIGRE EL ;Antioquia; VegachÌ; Magdalena Cauca ; RiÛ San Bartolo y otros directos al Magdalena Medio 
23100040;87;4777750,108;2287103,941;(5 , 7);20;YOLOMBO ;Antioquia; YolombÛ ; Magdalena Cauca ; RiÛ San Bartolo y otros directos al Magdalena Medio 
23100050;46;4844218,701;2300312,088;(6 , 8);8;BODEGA LA ;Antioquia; Puerto BerrÌo ; Magdalena Cauca ; RiÛ San Bartolo y otros directos al Magdalena Medio 
23100070;60;4848524,305;2292224,841;(5 , 8);9;RAMBLAS ;Antioquia; YondÛ (Casabe) ; Magdalena Cauca ; RiÛ San Bartolo y otros directos al Magdalena Medio 
23100080;29;4854512,843;2293006,863;(5 , 9);8;SANTA CLARA ;Antioquia; YondÛ (Casabe) ; Magdalena Cauca ; rÌo Cimitarra y otros directos al Magdalena 
23105020;4;4845329,285;2302243,252;(6 , 8);8;AMPARO EL ;Antioquia; YondÛ (Casabe) ; Magdalena Cauca ; RiÛ San Bartolo y otros directos al Magdalena Medio 
23105030;82;4801525,381;2306894,774;(6 , 8);8;VEGACHI ;Antioquia; VegachÌ; Magdalena Cauca ; RiÛ San Bartolo y otros directos al Magdalena Medio 
23110010;1;4822961,033;2215720,111;(4 , 8);6;PUERTO BOYACA ;Boyac·; Puerto Boyac· ; Magdalena Cauca ; Directos al Magdalena Medio entre rÌos Negro 
23110030;88;4842681,902;2214287,611;(4 , 8);6;PUERTO NINO ;Boyac·; Puerto Boyac· ; Magdalena Cauca ; Directos al Magdalena Medio entre rÌos Negro 
23110040;87;4826443,321;2208070,634;(4 , 8);6;TRIQUE EL ;Boyac·; Puerto Boyac· ; Magdalena Cauca ; Directos al Magdalena Medio entre rÌos Negro 
23110060;68;4852570,316;2242567,477;(4 , 9);2;PADILLA ;Santander; Cimitarra ; Magdalena Cauca ; Directos al Magdalena Medio entre rÌos Negro 
23115010;73;4826659,16;2218841,464;(4 , 8);6;PUERTO BOYACA ;Boyac·; Puerto Boyac· ; Magdalena Cauca ; Directos al Magdalena Medio entre rÌos Negro 
23115020;11;4848854,219;2243283,091;(4 , 8);6;PADILLA ;Santander; Cimitarra ; Magdalena Cauca ; Directos al Magdalena Medio entre rÌos Negro 
23120010;83;4900541,462;2266656,683;(5 , 10);5;VERDE LA ;Santander; Cimitarra ; Magdalena Cauca ; rÌo Carare (Minero) 
23120050;94;4878070,431;2169699,134;(3 , 9);15;MUZO ;Boyac·; Muzo ; Magdalena Cauca ; rÌo Carare (Minero) 
23120070;46;4876586,294;2280058,385;(5 , 9);8;PUERTO ARAUJO ;Santander; Cimitarra ; Magdalena Cauca ; rÌo Carare (Minero) 
23120080;12;4881920,035;2182422,895;(3 , 9);15;BORBUR 1 ;Boyac·; San Pablo De Borbur ; Magdalena Cauca ; rÌo Carare (Minero) 
23120090;10;4909689,433;2244999,728;(4 , 10);8;LANDAZURI ;Santander; VÈlez ; Magdalena Cauca ; rÌo Carare (Minero) 
23120100;10;4898550,027;2197129,365;(3 , 9);15;ALBANIA ;Santander; Albania; Magdalena Cauca ; rÌo Carare (Minero) 
23120140;41;4891145,965;2182406,644;(3 , 9);15;PAUNA ;Boyac·; Pauna ; Magdalena Cauca ; rÌo Carare (Minero) 
23120150;4;4887436,483;2171361,629;(3 , 9);15;MARIPI ;Boyac·; MaripÌ ; Magdalena Cauca ; rÌo Carare (Minero) 
23120180;1;4894963,62;2256075,744;(5 , 9);8;CIMITARRA ;Santander; Cimitarra ; Magdalena Cauca ; rÌo Carare (Minero) 
23120200;75;4880362,965;2280111,538;(5 , 9);8;PUERTO ARAUJO ALERTAS ;Santander; Cimitarra ; Magdalena Cauca ; rÌo Carare (Minero) 
23120210;77;4884183,024;2163041,862;(3 , 9);15;COPER ;Boyac·; Coper ; Magdalena Cauca ; rÌo Carare (Minero) 
23120220;78;4898934,618;2206798,493;(4 , 9);2;PRADERA LA ;Santander; Jes√∫s MarÌa ; Magdalena Cauca ; rÌo Carare (Minero) 
23120240;98;4872120,663;2151649,88;(3 , 9);15;PAIME ;Cundinamarca; Paime ; Magdalena Cauca ; rÌo Carare (Minero) 
23120250;87;4881692,386;2182383,404;(3 , 9);15;BORBUR 2 ;Boyac·; San Pablo De Borbur ; Magdalena Cauca ; rÌo Carare (Minero) 
23120260;10;4868864,484;2183743,694;(3 , 9);15;OTANCHE ;Boyac·; Otanche ; Magdalena Cauca ; rÌo Carare (Minero) 
23125040;87;4898279,297;2289162,665;(5 , 9);8;CAMPO CAPOTE ;Santander; Puerto Parra ; Magdalena Cauca ; rÌo OpÛn 
23125050;83;4882723,573;2292877,656;(5 , 9);8;CARARE ;Santander; Puerto Parra ; Magdalena Cauca ; rÌo Carare (Minero) 
23125060;84;4898914,539;2194366;(3 , 9);15;ALBANIA ;Santander; Albania; Magdalena Cauca ; rÌo Carare (Minero) 
23125070;55;4881851,321;2143742,698;(2 , 9);6;SAN CAYETANO ;Cundinamarca; San Cayetano; Magdalena Cauca ; rÌo Carare (Minero) 
23125080;88;4868864,484;2183743,694;(3 , 9);15;OTANCHE ;Boyac·; Otanche ; Magdalena Cauca ; rÌo Carare (Minero) 
23125090;54;4891401,113;2182347,887;(3 , 9);15;PAUNA ;Boyac·; Pauna ; Magdalena Cauca ; rÌo Carare (Minero) 
23125100;96;4895575,025;2167471,065;(3 , 9);15;BUENAVISTA ;Boyac·; Buenavista; Magdalena Cauca ; rÌo Carare (Minero) 
23125110;4;4883947,449;2276358,587;(5 , 9);8;PORTUGAL HACIENDA ;Santander; Cimitarra ; Magdalena Cauca ; rÌo Carare (Minero) 
23125120;82;4894716,271;2255185,939;(5 , 9);8;CIMITARRA ;Santander; Cimitarra ; Magdalena Cauca ; rÌo Carare (Minero) 
23125130;78;4910550,389;2245520,257;(4 , 10);8;LANDAZURI ;Santander; Land·zuri ; Magdalena Cauca ; rÌo Carare (Minero) 
23125140;55;4869076,128;2168172,216;(3 , 9);15;Aerop. Furatena Aut;Boyac·; QuÌpama ; Magdalena Cauca ; rÌo Carare (Minero) 
23125150;41;4867431,673;2140646,835;(2 , 9);6;VILLAGOMEZ ;Cundinamarca; VillagÛmez ; Magdalena Cauca ; rÌo Carare (Minero) 
23130010;99;4886092,236;2318105,756;(6 , 9);4;CHUCURI ;Santander; Barrancabermeja ; Magdalena Cauca ; rÌo OpÛn 
23140030;8;4943656,18;2297968,504;(5 , 10);5;CARMEN EL ;Santander; El Carmen; Magdalena Cauca ; rÌo OpÛn 
23140060;8;4911604,575;2291042,864;(5 , 10);5;MELITOSA LA ;Santander; Simacota ; Magdalena Cauca ; rÌo OpÛn 
23140070;69;4931912,668;2306331,419;(6 , 10);5;DOS BOCAS HACIENDA ;Santander; El Carmen; Magdalena Cauca ; rÌo OpÛn 
23145020;84;4943656,18;2297968,504;(5 , 10);5;CARMEN EL ;Santander; El Carmen; Magdalena Cauca ; rÌo OpÛn 
23147020;77;4896716,177;2306571,805;(6 , 9);4;PUENTE FERROCARRIL ;Santander; Simacota ; Magdalena Cauca ; rÌo OpÛn 
23155030;97;4910725,942;2334481,873;(6 , 10);5;AEROPUERTO YARIGUIES ;Santander; Barrancabermeja ; Magdalena Cauca ; rÌo OpÛn 
23155040;86;4915502,116;2316036,771;(6 , 10);5;CENTRO EL ;Santander; Barrancabermeja ; Magdalena Cauca ; rÌo OpÛn 
23160010;88;4895772,923;2341478,604;(6 , 9);4;YONDO ;Antioquia; YondÛ (Casabe) ; Magdalena Cauca ; rÌo Cimitarra y otros directos al Magdalena 
23170030;32;4889659,729;2364762,036;(7 , 9);5;YANACUE ;BolÌvar; Cantagallo ; Magdalena Cauca ; rÌo Cimitarra y otros directos al Magdalena 
23170050;21;4865695,48;2344557,424;(6 , 9);4;SANTO DOMINGO ;BolÌvar; Cantagallo ; Magdalena Cauca ; rÌo Cimitarra y otros directos al Magdalena 
23170060;23;4884150,727;2368458,643;(7 , 9);5;MONTERRUBIO FINCA ;BolÌvar; Cantagallo ; Magdalena Cauca ; rÌo Cimitarra y otros directos al Magdalena 
23175020;93;4810485,204;2333133,755;(6 , 8);8;AEROPUERTO OTU ;Antioquia; Remedios ; Magdalena Cauca ; rÌo Cimitarra y otros directos al Magdalena 
23180020;98;4901471,67;2370109,612;(7 , 10);18;PUERTO WILCHES ;Santander; Puerto Wilches ; Magdalena Cauca ; rÌo Lebrija y otros directos al Magdalena 
23180030;53;4939346,897;2390462,181;(7 , 10);18;CASA NUEVA ;Santander; Sabana De Torres ; Magdalena Cauca ; rÌo Lebrija y otros directos al Magdalena 
23180040;90;4946750,454;2381551,348;(7 , 10);18;PORVENIR EL ;Santander; Sabana De Torres ; Magdalena Cauca ; rÌo Lebrija y otros directos al Magdalena 
23180050;89;4934048,447;2391359,368;(7 , 10);18;ESTABLO EL ;Santander; Sabana De Torres ; Magdalena Cauca ; rÌo Lebrija y otros directos al Magdalena 
23180060;55;4937506,481;2388622,695;(7 , 10);18;RETIRADA LA ;Santander; Sabana De Torres ; Magdalena Cauca ; rÌo Lebrija y otros directos al Magdalena 
23180070;96;4946007,461;2374614,695;(7 , 10);18;SABANA DE TORRES ;Santander; Sabana De Torres ; Magdalena Cauca ; rÌo Lebrija y otros directos al Magdalena 
23180080;90;4925186,418;2385631,809;(7 , 10);18;ELOY VALENZUELA ;Santander; Sabana De Torres ; Magdalena Cauca ; rÌo Lebrija y otros directos al Magdalena 
23180100;90;4911735,397;2418133,937;(8 , 10);4;SITIO NUEVO ;Santander; Puerto Wilches ; Magdalena Cauca ; rÌo Lebrija y otros directos al Magdalena 
23180110;89;4908999,065;2396342,749;(7 , 10);18;PATURIA ;Santander; Puerto Wilches ; Magdalena Cauca ; rÌo Lebrija y otros directos al Magdalena 
23180120;88;4898562,372;2356208,653;(7 , 9);5;COQUERA LA ;Santander; Puerto Wilches ; Magdalena Cauca ; rÌo Lebrija y otros directos al Magdalena 
23185010;96;4940745,613;2381926,646;(7 , 10);18;VILLA LEIVA ;Santander; Sabana De Torres ; Magdalena Cauca ; rÌo Lebrija y otros directos al Magdalena 
23190110;84;4952828,656;2424121,578;(8 , 11);5;LIBANO EL ;Cesar; San Alberto ; Magdalena Cauca ; rÌo Lebrija y otros directos al Magdalena 
23190120;4;4996322,72;2372006,74;(7 , 11);18;MATANZA ;Santander; Matanza ; Magdalena Cauca ; rÌo Lebrija y otros directos al Magdalena 
23190140;99;4977787,971;2382847,235;(7 , 11);18;PLAYON EL ;Santander; El PlayÛn ; Magdalena Cauca ; rÌo Lebrija y otros directos al Magdalena 
23190210;61;4924867,324;2397113,354;(7 , 10);18;MAGARA ;Santander; Sabana De Torres ; Magdalena Cauca ; rÌo Lebrija y otros directos al Magdalena 
23190240;11;4950359,94;2375715,181;(7 , 11);18;CNO SIETE ;Santander; Rionegro; Magdalena Cauca ; rÌo Lebrija y otros directos al Magdalena 
23190250;15;4952202,092;2379396,935;(7 , 11);18;CAMPOHERMOSO ;Santander; Rionegro; Magdalena Cauca ; rÌo Lebrija y otros directos al Magdalena 
23190260;94;4976419,847;2340303,695;(6 , 11);27;LAGUNA LA ;Santander; Lebrija ; Magdalena Cauca ; rÌo Lebrija y otros directos al Magdalena 
23190270;7;4988960,491;2337015,077;(6 , 11);27;LIMONCITO ;Santander; Floridablanca ; Magdalena Cauca ; rÌo Lebrija y otros directos al Magdalena 
23190280;99;4985308,731;2327899,521;(6 , 11);27;PALO GORDO ;Santander; GirÛn ; Magdalena Cauca ; rÌo Lebrija y otros directos al Magdalena 
23190310;3;4983447,32;2357275,5;(7 , 11);18;SAN IGNACIO ;Santander; Rionegro; Magdalena Cauca ; rÌo Lebrija y otros directos al Magdalena 
23190320;55;4952014,911;2375989,804;(7 , 11);18;PROVINCIA ;Santander; Sabana De Torres ; Magdalena Cauca ; rÌo Lebrija y otros directos al Magdalena 
23190330;3;4994479,658;2331489,067;(6 , 11);27;BUENAVISTA ;Santander; Piedecuesta ; Magdalena Cauca ; rÌo Lebrija y otros directos al Magdalena 
23190340;100;4992857,518;2355063,211;(7 , 11);18;MATAJIRA ;Santander; Matanza ; Magdalena Cauca ; rÌo Lebrija y otros directos al Magdalena 
23190350;99;4978441,973;2358029,441;(7 , 11);18;LLANO DE PALMAS ;Santander; Rionegro; Magdalena Cauca ; rÌo Lebrija y otros directos al Magdalena 
23190360;95;4981795,868;2367743,266;(7 , 11);18;PORTACHUELO ;Santander; Rionegro; Magdalena Cauca ; rÌo Lebrija y otros directos al Magdalena 
23190370;0;4996322,72;2372006,74;(7 , 11);18;MATANZA ;Santander; Matanza ; Magdalena Cauca ; rÌo Lebrija y otros directos al Magdalena 
23190380;98;4975954,494;2354819,811;(7 , 11);18;PALMAS ;Santander; Lebrija ; Magdalena Cauca ; rÌo Lebrija y otros directos al Magdalena 
23190400;96;4993683,964;2345240,598;(6 , 11);27;GALVICIA LA ;Santander; Floridablanca ; Magdalena Cauca ; rÌo Lebrija y otros directos al Magdalena 
23190410;4;4998160,48;2348064,205;(6 , 11);27;BRASIL EL ;Santander; Tona ; Magdalena Cauca ; rÌo Lebrija y otros directos al Magdalena 
23190420;44;4937513,653;2394148,204;(7 , 10);18;NORMA LA ;Santander; Sabana De Torres ; Magdalena Cauca ; rÌo Lebrija y otros directos al Magdalena 
23190430;4;4994479,462;2329647,362;(6 , 11);27;PIEDECUESTA ;Santander; Piedecuesta ; Magdalena Cauca ; rÌo Lebrija y otros directos al Magdalena 
23190440;90;4966923,125;2354152,695;(7 , 11);18;NARANJO EL ;Santander; Lebrija ; Magdalena Cauca ; rÌo Lebrija y otros directos al Magdalena 
23190460;80;4928454,738;2399563,682;(7 , 10);18;PAPAYAL ;Santander; Rionegro; Magdalena Cauca ; rÌo Lebrija y otros directos al Magdalena 
23190470;13;4941187,173;2392301,73;(7 , 10);18;PALMERAS HACIENDA ;Santander; Rionegro; Magdalena Cauca ; rÌo Lebrija y otros directos al Magdalena 
23190500;88;4957198,117;2415460,808;(8 , 11);5;SAN ALBERTO ;Cesar; San Alberto ; Magdalena Cauca ; rÌo Lebrija y otros directos al Magdalena 
23190510;87;4963889,356;2397313,526;(7 , 11);18;CAOBO EL ;Norte de Santander; La Esperanza ; Magdalena Cauca ; rÌo Lebrija y otros directos al Magdalena 
23190520;82;4951561,375;2441528,234;(8 , 11);5;DORADA LA ;Cesar; San MartÌn; Magdalena Cauca ; rÌo Lebrija y otros directos al Magdalena 
23190530;40;4950365,548;2381240,565;(7 , 11);18;COOPERATIVA LA ;Santander; Sabana De Torres ; Magdalena Cauca ; rÌo Lebrija y otros directos al Magdalena 
23190540;82;4980094,299;2403412,549;(8 , 11);5;VEGA LA ;Norte de Santander; C·chira ; Magdalena Cauca ; rÌo Lebrija y otros directos al Magdalena 
23190550;2;4941207,647;2408878,23;(8 , 10);4;SAMARKANDA ;Santander; Rionegro; Magdalena Cauca ; rÌo Lebrija y otros directos al Magdalena 
23190560;85;4938280,548;2395006,736;(7 , 10);18;SAN RAFAEL ;Santander; Sabana De Torres ; Magdalena Cauca ; rÌo Lebrija y otros directos al Magdalena 
23190570;10;4972416,211;2364647,323;(7 , 11);18;TAMBOR EL HACIENDA ;Santander; Rionegro; Magdalena Cauca ; rÌo Lebrija y otros directos al Magdalena 
23190580;75;4931852,019;2451852,847;(9 , 10);4;SAN DANIEL HACIENDA ;Cesar; rÌo De Oro ; Magdalena Cauca ; rÌo Lebrija y otros directos al Magdalena 
23190590;82;4986324,456;2341466,52;(6 , 11);27;FLORESTA LA ;Santander; Bucaramanga ; Magdalena Cauca ; rÌo Lebrija y otros directos al Magdalena 
23190600;98;4974575,558;2331218,742;(6 , 11);27;PANTANO EL ;Santander; GirÛn ; Magdalena Cauca ; rÌo Lebrija y otros directos al Magdalena 
23190690;0;5000000;2344380,741;(6 , 12);2;MARIANA LA HACIENDA ;Santander; Tona ; Magdalena Cauca ; rÌo Lebrija y otros directos al Magdalena 
23190700;98;4992516,762;2330752,63;(6 , 11);27;PIEDECUESTA GRANJA ;Santander; Piedecuesta ; Magdalena Cauca ; rÌo Lebrija y otros directos al Magdalena 
23190710;72;4920199,003;2443371,511;(8 , 10);4;BARRANCA LEBRIJA ;Cesar; Aguachica ; Magdalena Cauca ; rÌo Lebrija y otros directos al Magdalena 
23190800;9;4985282,763;2344382,862;(6 , 11);27;HIMAT R11;Santander; Bucaramanga ; Magdalena Cauca ; rÌo Lebrija y otros directos al Magdalena 
23190830;47;4986938,785;2345671,614;(6 , 11);27;BUCARAMANGA IDEAM ;Santander; Bucaramanga ; Magdalena Cauca ; rÌo Lebrija y otros directos al Magdalena 
23195030;9;4985283,295;2346224,581;(6 , 11);27;AEROPUERTO GOMEZ NINO ;Santander; Bucaramanga ; Magdalena Cauca ; rÌo Lebrija y otros directos al Magdalena 
23195040;62;4986510,022;2347482,75;(6 , 11);27;UNIVERSIDAD INDUSTRIAL SANTANDER ;Santander; Bucaramanga ; Magdalena Cauca ; rÌo Lebrija y otros directos al Magdalena 
23195050;3;4983443,104;2344383,426;(6 , 11);27;VIVERO CHIMITA ;Santander; Bucaramanga ; Magdalena Cauca ; rÌo Lebrija y otros directos al Magdalena 
23195060;11;5000000;2344380,741;(6 , 12);2;MARIANA LA ;Santander; Tona ; Magdalena Cauca ; rÌo Lebrija y otros directos al Magdalena 
23195070;0;4935680,709;2397834,323;(7 , 10);18;MAGARA ;Santander; Rionegro; Magdalena Cauca ; rÌo Lebrija y otros directos al Magdalena 
23195080;12;4961392,668;2377547,034;(7 , 11);18;URBINA LA ;Santander; Lebrija ; Magdalena Cauca ; rÌo Lebrija y otros directos al Magdalena 
23195110;89;4981538,506;2334316,019;(6 , 11);27;Llano Grande Aut;Santander; GirÛn ; Magdalena Cauca ; rÌo Lebrija y otros directos al Magdalena 
23195120;1;4955875,595;2375709,912;(7 , 11);18;SABANA DE TORRES ;Santander; Sabana De Torres ; Magdalena Cauca ; rÌo Lebrija y otros directos al Magdalena 
23195140;24;4941212,252;2412561,912;(8 , 10);4;LLANA LA ;Cesar; San Alberto ; Magdalena Cauca ; rÌo Lebrija y otros directos al Magdalena 
23195170;32;4952014,911;2375989,804;(7 , 11);18;PROVINCIA ;Santander; Sabana De Torres ; Magdalena Cauca ; rÌo Lebrija y otros directos al Magdalena 
23195190;1;4992693,24;2342487,367;(6 , 11);27;SAN ANTONIO SANTANDER ;Santander; Floridablanca ; Magdalena Cauca ; rÌo Lebrija y otros directos al Magdalena 
23195502;87;4979632,152;2344915,834;(6 , 11);27;AEROPUERTO PALONEGRO ;Santander; Lebrija ; Magdalena Cauca ; rÌo Lebrija y otros directos al Magdalena 
23197190;3;4996319,642;2329647,199;(6 , 11);27;PIEDECUESTA ;Santander; Piedecuesta ; Magdalena Cauca ; rÌo Lebrija y otros directos al Magdalena 
23200010;89;4895276,705;2437724,242;(8 , 9);5;SIMITI ;BolÌvar; SimitÌ; Magdalena Cauca ; Directos al Magdalena (Brazo Morales) 
23200020;9;4871435,709;2427438,43;(8 , 9);5;Los Canelos;BolÌvar; Santa Rosa Del Sur ; Magdalena Cauca ; Directos al Magdalena (Brazo Morales) 
23200060;78;4896153,891;2405701,735;(8 , 9);5;SANTO DOMINGO ;BolÌvar; San Pablo; Magdalena Cauca ; Directos al Magdalena (Brazo Morales) 
23200070;28;4869491,876;2388758,585;(7 , 9);5;TIERRABUENA FINCA ;BolÌvar; San Pablo; Magdalena Cauca ; Directos al Magdalena (Brazo Morales) 
23205020;84;4897914,848;2384085,179;(7 , 9);5;COL COOPERATIVO ;BolÌvar; San Pablo; Magdalena Cauca ; Directos al Magdalena (Brazo Morales) 
23205030;86;4883311,116;2438305,937;(8 , 9);5;SANTA ROSA D SIMITI ;BolÌvar; Santa Rosa Del Sur ; Magdalena Cauca ; Directos al Magdalena (Brazo Morales) 
23205040;32;4904595,817;2473408,101;(9 , 10);4;MORALES La Cruz;BolÌvar; Morales; Magdalena Cauca ; Directos al Magdalena (Brazo Morales) 
23205050;70;4863252,337;2429534,455;(8 , 9);5;CANELOS Aut;BolÌvar; Santa Rosa Del Sur ; Magdalena Cauca ; Directos al Magdalena (Brazo Morales) 
23210010;100;4916837,919;2462515,506;(9 , 10);4;PUERTO MOSQUITO ;Cesar; Gamarra ; Magdalena Cauca ; Quebrada El Carmen y Otros Directos al Magdalena 
23210160;79;4918793,863;2478168,583;(9 , 10);4;GAMARRA ;Cesar; Gamarra ; Magdalena Cauca ; Quebrada El Carmen y Otros Directos al Magdalena 
24010150;93;4904368,462;2167058,68;(3 , 10);3;SIMIJACA ;Cundinamarca; Simijaca ; Magdalena Cauca ; rÌo Su·rez 
24010210;98;4913505,614;2207052,715;(4 , 10);8;JESUS MARIA ;Santander; Jes√∫s MarÌa ; Magdalena Cauca ; rÌo Su·rez 
24010220;10;4959279,931;2260230,226;(5 , 11);13;CHIMA ;Santander; Chima; Magdalena Cauca ; rÌo Su·rez 
24010610;71;4899826,602;2149380,803;(2 , 9);6;CARMEN DE CARUPA ;Cundinamarca; Carmen De Carupa ; Magdalena Cauca ; rÌo Su·rez 
24010640;87;4914721,759;2219513,845;(4 , 10);8;BOLIVAR ;Santander; Bolivar; Magdalena Cauca ; rÌo Su·rez 
24010660;90;4963094,245;2270019,298;(5 , 11);13;SIMACOTA ;Santander; Simacota ; Magdalena Cauca ; rÌo Su·rez 
24010670;88;4911883,762;2212181,356;(4 , 10);8;SUCRE ;Santander; Sucre; Magdalena Cauca ; rÌo Su·rez 
24010740;37;4959465,101;2261519,281;(5 , 11);13;RODEO EL HACIENDA ;Santander; Chima; Magdalena Cauca ; rÌo Su·rez 
24010750;82;4932600,544;2212830,449;(4 , 10);8;MIRAVALLES ;Boyac·; Moniquir· ; Magdalena Cauca ; rÌo Su·rez 
24010780;10;4970523,988;2268879,224;(5 , 11);13;SOCORRO ;Santander; Socorro ; Magdalena Cauca ; rÌo Su·rez 
24010820;75;4922278,464;2216771,753;(4 , 10);8;GUAVATA ;Santander; Guavat· ; Magdalena Cauca ; rÌo Su·rez 
24011010;2;4905901,622;2178699,775;(3 , 10);3;SIMIJACA ;Cundinamarca; Simijaca ; Magdalena Cauca ; rÌo Su·rez 
24011070;70;4948344,209;2256770,485;(5 , 10);5;SANTUARIO EL ;Santander; El Guacamayo ; Magdalena Cauca ; rÌo Su·rez 
24015250;89;4954067,397;2247213,344;(4 , 11);1;LAJA LA ;Santander; Guadalupe; Magdalena Cauca ; rÌo Su·rez 
24015260;89;4959279,931;2260230,226;(5 , 11);13;CHIMA ;Santander; Chima; Magdalena Cauca ; rÌo Su·rez 
24015270;94;4925571,797;2220727,429;(4 , 10);8;VELEZ GRANJA ;Santander; VÈlez ; Magdalena Cauca ; rÌo Su·rez 
24015360;89;4915987,78;2187477,308;(3 , 10);3;SABOYA LA GRANJA ;Boyac·; Saboy· ; Magdalena Cauca ; rÌo Su·rez 
24015370;6;4972524,917;2273129,431;(5 , 11);13;HACIENDA MAJAVITA UL ;Santander; Socorro ; Magdalena Cauca ; rÌo Su·rez 
24015380;17;4900505,906;2148931,63;(2 , 10);1;CARMEN DE CARUPA Aut;Cundinamarca; Carmen De Carupa ; Magdalena Cauca ; rÌo Su·rez 
24020150;61;4988268,222;2284711,125;(5 , 11);13;MAMONAL EL HACIENDA ;Santander; San Gil ; Magdalena Cauca ; rÌo Fonce 
24025020;94;4977989,427;2279803,109;(5 , 11);13;CUCHARO EL ;Santander; Pinchote ; Magdalena Cauca ; rÌo Fonce 
24040050;92;4977595,385;2292203,947;(5 , 11);13;SANTA ISABEL ;Santander; Barichara ; Magdalena Cauca ; rÌo Su·rez 
24040060;80;4969490,486;2287971,961;(5 , 11);13;REMOLINO ;Santander; Cabrera; Magdalena Cauca ; rÌo Su·rez 
24050060;100;4954628,641;2317449,93;(6 , 11);27;SAN VICENTE ;Santander; San Vicente De ChucurÌ ; Magdalena Cauca ; rÌo Sogamoso 
24050070;90;4942542,04;2345573,406;(6 , 10);5;PUTANA LA ;Santander; San Vicente De ChucurÌ ; Magdalena Cauca ; rÌo Sogamoso 
24050080;20;4968688,932;2281772,036;(5 , 11);13;PALMAR EL ;Santander; Palmar ; Magdalena Cauca ; rÌo Su·rez 
24050100;91;4969079,377;2299148,246;(5 , 11);13;FUENTE LA ;Santander; Zapatoca ; Magdalena Cauca ; rÌo Su·rez 
24050110;90;4930183,961;2321804,807;(6 , 10);5;ALBANIA ;Santander; San Vicente De ChucurÌ ; Magdalena Cauca ; rÌo Sogamoso 
24055030;88;4968768,776;2308599,457;(6 , 11);27;ZAPATOCA ;Santander; Zapatoca ; Magdalena Cauca ; rÌo Sogamoso 
24055040;69;4967731,155;2281741,89;(5 , 11);13;PALMAR EL ;Santander; Palmar ; Magdalena Cauca ; rÌo Su·rez 
24060010;0;4963816,819;2339942,686;(6 , 11);27;PARROQUIA LA ;Santander; GirÛn ; Magdalena Cauca ; rÌo Sogamoso 
24060040;87;4939524,692;2360716,536;(7 , 10);18;AGUASCLARAS ;Santander; Sabana De Torres ; Magdalena Cauca ; rÌo Sogamoso 
24060050;92;4989751,533;2304877,249;(6 , 11);27;MESA LA ;Santander; Los Santos ; Magdalena Cauca ; rÌo Sogamoso 
24060060;60;4953700,856;2343511,551;(6 , 11);27;PUENTE LA PAZ ;Santander; GirÛn ; Magdalena Cauca ; rÌo Sogamoso 
24060070;78;4963816,819;2339942,686;(6 , 11);27;PARROQUIA LA ;Santander; GirÛn ; Magdalena Cauca ; rÌo Sogamoso 
24060080;70;4945839,783;2361384,621;(7 , 10);18;PAYOA 5 ;Santander; Sabana De Torres ; Magdalena Cauca ; rÌo Sogamoso 
24065010;83;4912822,41;2358760,57;(7 , 10);18;BRISAS LAS HACIENDA ;Santander; Puerto Wilches ; Magdalena Cauca ; rÌo Sogamoso 
24065020;10;4966882,527;2338866,271;(6 , 11);27;ESPERANZA LA HACIENDA ;Santander; GirÛn ; Magdalena Cauca ; rÌo Sogamoso 
24065030;26;4960474,457;2339975,846;(6 , 11);27;TRIGUEROS HACIENDA ;Santander; GirÛn ; Magdalena Cauca ; rÌo Sogamoso 
25010010;59;4704601,592;2430817,356;(8 , 6);10;PUERTO LIBERTADOR ;CÛrdoba; Puerto Libertador ; Magdalena Cauca ; Cauca Alto San Jorge
25010060;79;4723436,878;2428583,167;(8 , 6);10;URE ;CÛrdoba; San Jose De Ure ; Magdalena Cauca ; Cauca Alto San Jorge
25010080;86;4704701,789;2446274,019;(8 , 6);10;Pica Pica Aut;CÛrdoba; MontelÌbano ; Magdalena Cauca ; Cauca Alto San Jorge
25010090;4;4726387,572;2446506,135;(8 , 6);10;MONTELIBANO ;CÛrdoba; MontelÌbano ; Magdalena Cauca ; Cauca Alto San Jorge
25010100;87;4695954,748;2457303,554;(9 , 5);10;SAN FRANCISCO ;CÛrdoba; MontelÌbano ; Caribe ; Medio Sin√∫ 
25010110;68;4708298,898;2443607,904;(8 , 6);10;ACACIAS LAS HACIENDA ;CÛrdoba; Puerto Libertador ; Magdalena Cauca ; Cauca Alto San Jorge
25015010;82;4710071,836;2462919,064;(9 , 6);6;CENTRO ALEGRE ;CÛrdoba; Planeta Rica ; Magdalena Cauca ; Cauca San Jorge La Mojana 
25020030;97;4833711,003;2522691,369;(10 , 8);14;GUACAMAYO ;BolÌvar; AchÌ; Magdalena Cauca ; Cauca San Jorge La Mojana 
25020140;98;4730702,997;2547873,801;(10 , 6);13;SAHAGUN Aut;CÛrdoba; Sahag√∫n ; Caribe ; Bajo Sin√∫ 
25020160;8;4765327,275;2512638,623;(10 , 7);9;SAN MARCOS ;Sucre; San Marcos ; Magdalena Cauca ; Cauca San Jorge La Mojana 
25020310;1;4798065,203;2453499,61;(9 , 7);4;NECHI ;Antioquia; NechÌ; Magdalena Cauca ; Cauca San Jorge La Mojana 
25020330;87;4827285,323;2482826,726;(9 , 8);16;CAIMITAL ;BolÌvar; San Jacinto Del Cauca ; Magdalena Cauca ; Cauca San Jorge La Mojana 
25020340;0;4818463,988;2501319,477;(10 , 8);14;MAJAGUAL ;Sucre; Majagual ; Magdalena Cauca ; Cauca San Jorge La Mojana 
25020350;97;4830368,022;2496786,83;(9 , 8);16;GUARANDA ;BolÌvar; AchÌ; Magdalena Cauca ; Cauca San Jorge La Mojana 
25020370;83;4786033,851;2446552,62;(8 , 7);11;MONEDA LA HACIENDA ;Antioquia; Caucasia ; Magdalena Cauca ; Directos al Cauca entre Pto Valdivia y rÌo NechÌ 
25020380;10;4839778,595;2543026,746;(10 , 8);14;PINILLOS ;BolÌvar; Pinillos ; Magdalena Cauca ; Directos Bajo Magdalena entre El Banco y El Plato 
25020410;95;4809644,717;2466654,517;(9 , 8);16;CANDELARIA LA ;BolÌvar; San Jacinto Del Cauca ; Magdalena Cauca ; Cauca San Jorge La Mojana 
25020420;64;4828304,876;2485432,897;(9 , 8);16;VARAS LAS ;BolÌvar; San Jacinto Del Cauca ; Magdalena Cauca ; Cauca San Jorge La Mojana 
25020440;13;4842212,732;2475430,909;(9 , 8);16;SAN PEDRO Aut;Sucre; San Pedro; Magdalena Cauca ; Cauca San Jorge La Mojana
25020480;94;4794394,001;2480113,966;(9 , 7);4;PAJAROS LOS ;CÛrdoba; Ayapel ; Magdalena Cauca ; Cauca San Jorge La Mojana 
25020490;5;4776511,954;2545752,084;(10 , 7);9;SAN BENITO A VILLA ;Sucre; San Benito Abad ; Magdalena Cauca ; Cauca San Jorge La Mojana 
25020500;97;4809863,243;2532621,506;(10 , 8);14;VILLA CECILIA HACIENDA ;Sucre; Sucre; Magdalena Cauca ; Cauca San Jorge La Mojana 
25020510;34;4829417,403;2488376,496;(9 , 8);16;ALPES LOS ;BolÌvar; San Jacinto Del Cauca ; Magdalena Cauca ; Cauca San Jorge La Mojana 
25020520;88;4728260,417;2467388,044;(9 , 6);6;Buenavista Aut;CÛrdoba; Buenavista; Magdalena Cauca ; Cauca San Jorge La Mojana 
25020530;94;4769768,336;2445397,841;(8 , 7);11;LA ILUSION ;Antioquia; Caucasia ; Magdalena Cauca ; Cauca San Jorge La Mojana 
25020540;77;4812050,58;2445822,57;(8 , 8);7;PATIO BONITO ;Antioquia; NechÌ; Magdalena Cauca ; Bajo NechÌ(md) 
25020570;29;4776522,124;2547595,074;(10 , 7);9;PALITO ;Sucre; San Benito Abad ; Magdalena Cauca ; Cauca San Jorge La Mojana 
25020600;65;4713701,41;2497072,071;(9 , 6);6;Sajonia Hda Aut;CÛrdoba; Pueblo Nuevo ; Magdalena Cauca ; Cauca San Jorge La Mojana 
25020700;90;4742354,295;2448593,471;(8 , 6);10;APARTADA LA ;CÛrdoba; La Apartada ; Magdalena Cauca ; Cauca San Jorge La Mojana 
25020710;90;4749719,291;2489134,583;(9 , 6);6;CINTURA ;CÛrdoba; Pueblo Nuevo ; Magdalena Cauca ; Cauca San Jorge La Mojana 
25020720;87;4737784,221;2513231,82;(10 , 6);13;JOBO EL TABLON ;CÛrdoba; Sahag√∫n ; Magdalena Cauca ; Cauca San Jorge La Mojana 
25020740;83;4778377,725;2512106,929;(10 , 7);9;EUREKA HACIENDA ;Sucre; San Marcos ; Magdalena Cauca ; Cauca San Jorge La Mojana 
25020760;89;4786754,882;2553590,849;(11 , 7);1;SANTIAGO APOSTOL ;Sucre; San Benito Abad ; Magdalena Cauca ; Cauca San Jorge La Mojana 
25020780;84;4776140,035;2493565,852;(9 , 7);4;CECILIA ;CÛrdoba; Ayapel ; Magdalena Cauca ; Cauca San Jorge La Mojana 
25020790;87;4811097,121;2521866,769;(10 , 8);14;PALMARITO ;Sucre; Majagual ; Magdalena Cauca ; Cauca San Jorge La Mojana 
25020800;81;4831717,756;2505656,187;(10 , 8);14;BUENAVISTA ;BolÌvar; AchÌ; Magdalena Cauca ; Directos Bajo Cauca Cga La Raya entre rÌo NechÌ
25020810;91;4823227,037;2474545,49;(9 , 8);16;ASTILLEROS ;BolÌvar; San Jacinto Del Cauca ; Magdalena Cauca ; Cauca San Jorge La Mojana 
25020820;87;4813025,879;2509020,806;(10 , 8);14;ZAPATA ;Sucre; Majagual ; Magdalena Cauca ; Cauca San Jorge La Mojana 
25020850;29;4818279,368;2457098,142;(9 , 8);16;REGENCIA ;BolÌvar; Montecristo ; Magdalena Cauca ; Cauca San Jorge La Mojana 
25020940;90;4808949,775;2479187,637;(9 , 8);16;VILLANUEVA ;Sucre; Guaranda ; Magdalena Cauca ; Cauca San Jorge La Mojana 
25020950;87;4805521,897;2557396,236;(11 , 8);2;SAN ANTONIO ALERTA ;BolÌvar; MaganguÈ ; Magdalena Cauca ; Cauca San Jorge La Mojana 
25020970;86;4896446,711;2492891,183;(9 , 9);3;ARENAL ;BolÌvar; Arenal ; Magdalena Cauca ; Directos al Magdalena (Brazo Morales) 
25020980;91;4766403,374;2530050,189;(10 , 7);9;CAIMITO ;Sucre; Caimito ; Magdalena Cauca ; Cauca San Jorge La Mojana 
25021110;30;4880767,522;2482677,265;(9 , 9);3;DIAMANTE EL ;BolÌvar; Arenal ; Magdalena Cauca ; Directos al Magdalena (Brazo Morales) 
25021120;21;4851388,099;2475398,731;(9 , 9);3;SERRANIA SAN LUCAS ;BolÌvar; Montecristo ; Magdalena Cauca ; Directos al Magdalena (Brazo Morales) 
25021210;89;4728407,552;2533509,405;(10 , 6);13;TREMENTINO ;CÛrdoba; Sahag√∫n ; Magdalena Cauca ; Cauca San Jorge La Mojana 
25021280;76;4834064,249;2549529,206;(10 , 8);14;COYONGAL ;BolÌvar; Pinillos ; Magdalena Cauca ; Directos Bajo Magdalena entre El Banco y El Plato 
25021320;83;4866918,96;2512930,447;(10 , 9);3;EL SUDAN ;BolÌvar; Tiquisio (Puerto Rico) ; Magdalena Cauca ; Cauca San Jorge Directos Bajo Cauca Cga La Raya RÌo NechÌ
25021360;90;4811843,104;2544620,637;(10 , 8);14;CAMPO ALEGRE ;Sucre; Sucre; Magdalena Cauca ; Cauca San Jorge La Mojana 
25021370;85;4812248,677;2539858,458;(10 , 8);14;SAN LUIS ;Sucre; Sucre; Magdalena Cauca ; Cauca San Jorge La Mojana 
25021390;65;4757601,154;2442641,435;(8 , 7);11;CAUCASIA ;Antioquia; Caucasia ; Magdalena Cauca ; Cauca San Jorge La Mojana 
25021470;66;4770092,31;2506315,065;(10 , 7);9;Hda El Torno;Sucre; San Marcos ; Magdalena Cauca ; Cauca San Jorge La Mojana 
25021480;82;4802805,794;2445739,142;(8 , 8);7;ESPERANZA LA RADIO ;Antioquia; NechÌ; Magdalena Cauca ; Directos al Bajo NechÌ(mi) 
25021530;1;4809162,542;2471877,468;(9 , 8);16;TALADRO EL ;BolÌvar; San Jacinto Del Cauca ; Magdalena Cauca ; Cauca San Jorge La Mojana 
25021550;8;4717472,027;2488965,431;(9 , 6);6;PLANETA RICA ;CÛrdoba; Planeta Rica ; Magdalena Cauca ; Cauca San Jorge La Mojana 
25021560;87;4802302,985;2542239,657;(10 , 8);14;ISLA DEL COCO ;Sucre; Sucre; Magdalena Cauca ; Cauca San Jorge La Mojana 
25021570;5;4761669,322;2514502,411;(10 , 7);9;FLORIDA LA ;Sucre; Majagual ; Magdalena Cauca ; Cauca San Jorge La Mojana 
25021660;53;4751671,322;2509122,801;(10 , 7);9;MIRASOL ;Sucre; San Marcos ; Magdalena Cauca ; Cauca San Jorge La Mojana 
25025030;90;4761683,067;2475250,162;(9 , 7);4;Ayapel Aut;CÛrdoba; Ayapel ; Magdalena Cauca ; Cauca San Jorge La Mojana 
25025040;32;4759866,956;2520042,298;(10 , 7);9;AEROPUERTO LA FLORIDA ;Sucre; San Marcos ; Magdalena Cauca ; Cauca San Jorge La Mojana 
25025130;1;4809194,74;2479247,984;(9 , 8);16;VICTORIA LA ;BolÌvar; AchÌ; Magdalena Cauca ; Cauca San Jorge La Mojana 
25025140;32;4805410,579;2453467,084;(9 , 8);16;NECHI ;Antioquia; NechÌ; Magdalena Cauca ; Bajo NechÌ(md) 
25025160;85;4735249,201;2443196,585;(8 , 6);10;CUBA HACIENDA ;CÛrdoba; MontelÌbano ; Magdalena Cauca ; Cauca San Jorge La Mojana 
25025170;85;4725176,908;2524776,749;(10 , 6);13;COLOMBOY ;CÛrdoba; Sahag√∫n ; Magdalena Cauca ; Cauca San Jorge La Mojana 
25025190;77;4715580,749;2487060,42;(9 , 6);6;Planeta Rica Aut ;CÛrdoba; Planeta Rica ; Magdalena Cauca ; Cauca San Jorge La Mojana 
25025200;1;4809162,542;2471877,468;(9 , 8);16;TALADRO EL ;BolÌvar; San Jacinto Del Cauca ; Magdalena Cauca ; Cauca San Jorge La Mojana 
25025210;84;4839778,595;2543026,746;(10 , 8);14;PINILLOS ;BolÌvar; Pinillos ; Magdalena Cauca ; Directos Bajo Magdalena entre El Banco y El Plato 
25025220;44;4884486,229;2501088,6;(10 , 9);3;NOROSI ;BolÌvar; rÌoviejo ; Magdalena Cauca ; Directos al Magdalena (Brazo Morales) 
25025230;50;4836707,359;2475451,141;(9 , 8);16;MONTECRISANTO ;BolÌvar; Montecristo ; Magdalena Cauca ; Cauca San Jorge La Mojana 
25025240;78;4820962,832;2502343,788;(10 , 8);14;MAJAGUAL ;Sucre; Majagual ; Magdalena Cauca ; Cauca San Jorge La Mojana 
25027110;0;4810654,237;2531911,484;(10 , 8);14;SUCRE ;Sucre; Sucre; Magdalena Cauca ; Cauca San Jorge La Mojana 
25027530;84;4820167,14;2555393,03;(11 , 8);2;BARBOSA ;BolÌvar; MaganguÈ ; Magdalena Cauca ; Cauca San Jorge La Mojana 
25027630;87;4862092,346;2531706,795;(10 , 9);3;RIO NUEVO ;BolÌvar; Barranco De Loba ; Magdalena Cauca ; Directos Bajo Magdalena entre El Banco y El Plato 
25027910;81;4828150,4;2480409,6;(9 , 8);16;LA RAYA ;BolÌvar; San Jacinto Del Cauca ; Magdalena Cauca ; Cauca San Jorge La Mojana 
26100300;96;4671013,343;2065718,496;(1 , 5);14;OBANDO ;Valle del Cauca; Obando ; Magdalena Cauca ; Rios Las CaÌ¬±as Los Micos y Obando 
26100830;77;4671522,143;2076759,057;(1 , 5);14;PALMASOLA ;Valle del Cauca; Cartago ; Magdalena Cauca ; Rios Las CaÌ¬±as Los Micos y Obando 
26110070;58;4659831,246;2068870,05;(1 , 5);14;SAN ANTONIO ;Valle del Cauca; Toro ; Magdalena Cauca ; Rios Pescador RUT Chanco Catarina y Ca√±averal
26110120;94;4663129,433;2108072,129;(2 , 5);17;VILLA NUEVA ;Valle del Cauca; El Ì¬Åguila ; Magdalena Cauca ; Rios Pescador RUT Chanco Catarina y Ca√±averal
26110150;91;4668425,381;2088011,902;(1 , 5);14;La Inmaculada;Valle del Cauca; Ansermanuevo ; Magdalena Cauca ; Rios Pescador RUT Chanco Catarina y Ca√±averal
26110160;93;4663299,404;2076400,845;(1 , 5);14;SAN FRANCISCO ;Valle del Cauca; Toro ; Magdalena Cauca ; Rios Pescador RUT Chanco Catarina y Ca√±averal
26110300;78;4663408,694;2068823,968;(1 , 5);14;CEROS ;Valle del Cauca; Toro ; Magdalena Cauca ; Rios Pescador RUT Chanco Catarina y Ca√±averal
26115090;83;4651292,867;2086493,195;(1 , 5);14;Las Brisas Aut;Valle del Cauca; Ansermanuevo ; Pacifico ; rÌo SipÌ 
26120150;93;4690981,88;2075357,85;(1 , 5);14;ALCALA ;Valle del Cauca; Alcal· ; Magdalena Cauca ; rÌo La Vieja 
26120160;82;4715064,423;2070820,31;(1 , 6);24;SALENTO ;QuindÌo; Salento ; Magdalena Cauca ; rÌo La Vieja 
26130020;95;4716382,416;2093808,948;(1 , 6);24;TERMALES ;Risaralda; Santa Rosa De Cabal ; Magdalena Cauca ; rÌo Ot√∫n y otros directos al Cauca 
26130170;97;4716399,761;2098386,69;(1 , 6);24;POTREROS ;Risaralda; Santa Rosa De Cabal ; Magdalena Cauca ; rÌo Ot√∫n y otros directos al Cauca 
26130180;97;4683043,872;2089163,427;(1 , 5);14;SAN ISIDRO ;Risaralda; Pereira ; Magdalena Cauca ; rÌo La Vieja 
26130190;17;4704327,282;2092657,074;(1 , 6);24;BOQUERON ;Risaralda; Santa Rosa De Cabal ; Magdalena Cauca ; rÌo Ot√∫n y otros directos al Cauca 
26130200;91;4696063,653;2106969,33;(2 , 5);17;RECUERDO EL ;Risaralda; Marsella ; Magdalena Cauca ; rÌo Ot√∫n y otros directos al Cauca 
26130220;81;4684744,539;2090394,789;(1 , 5);14;MARACAY ;Risaralda; Pereira ; Magdalena Cauca ; rÌo Ot√∫n y otros directos al Cauca 
26130270;4;4695125,803;2103755,955;(2 , 5);17;Marsella Ita;Risaralda; Marsella ; Magdalena Cauca ; rÌo Ot√∫n y otros directos al Cauca 
26130540;52;4712003,353;2084153,543;(1 , 6);24;PLAYA RICA ;Risaralda; Santa Rosa De Cabal ; Magdalena Cauca ; rÌo Ot√∫n y otros directos al Cauca 
26130550;5;4720929,275;2081533,658;(1 , 6);24;BRISAS LAS HACIENDA ;Risaralda; Santa Rosa De Cabal ; Magdalena Cauca ; rÌo Ot√∫n y otros directos al Cauca 
26130560;52;4714394,572;2081490,045;(1 , 6);24;PEZ FRESCO ;Risaralda; Santa Rosa De Cabal ; Magdalena Cauca ; rÌo Ot√∫n y otros directos al Cauca 
26130570;30;4706616,896;2086976,17;(1 , 6);24;NUEVO LIBARE ;Risaralda; Pereira ; Magdalena Cauca ; rÌo Ot√∫n y otros directos al Cauca 
26135040;98;4696490,669;2090755,447;(1 , 5);14;AEROPUERTO MATECANA ;Risaralda; Pereira ; Magdalena Cauca ; rÌo Ot√∫n y otros directos al Cauca 
26135080;3;4700614,073;2088984,496;(1 , 6);24;UNIV PEREIRA UTP;Risaralda; Pereira ; Magdalena Cauca ; rÌo La Vieja 
26135090;26;4696974,921;2103748,34;(2 , 5);17;JARDIN BOTANICO ;Risaralda; Marsella ; Magdalena Cauca ; rÌo Ot√∫n y otros directos al Cauca 
26135100;89;4680946,726;2097697,194;(1 , 5);14;BOHEMIA LA ;Risaralda; Pereira ; Magdalena Cauca ; rÌo Ot√∫n y otros directos al Cauca 
26135110;63;4708653,845;2096434,786;(1 , 6);24;VERACRUZ ;Risaralda; Santa Rosa De Cabal ; Magdalena Cauca ; rÌo Ot√∫n y otros directos al Cauca 
26135120;14;4695125,803;2103755,955;(2 , 5);17;Marsella Ita;Risaralda; Marsella ; Magdalena Cauca ; rÌo Ot√∫n y otros directos al Cauca 
26135140;38;4732503,785;2086257,227;(1 , 6);24;LAGUNA LA ;Risaralda; Pereira ; Magdalena Cauca ; rÌo Ot√∫n y otros directos al Cauca 
26135150;2;4717278,569;2094450,762;(1 , 6);24;MIRANDA LA ;Risaralda; Santa Rosa De Cabal ; Magdalena Cauca ; rÌo Ot√∫n y otros directos al Cauca 
26135160;57;4713949,789;2093541,649;(1 , 6);24;SAN REMO ;Risaralda; Santa Rosa De Cabal ; Magdalena Cauca ; rÌo Ot√∫n y otros directos al Cauca 
26135170;3;4735742,281;2087010,847;(1 , 6);24;El BoquerÛn;Risaralda; Santa Rosa De Cabal ; Magdalena Cauca ; rÌo Ot√∫n y otros directos al Cauca 
26135230;0;4728346,042;2087036,876;(1 , 6);24;PICO PARAMO SANTA R ;Risaralda; Santa Rosa De Cabal ; Magdalena Cauca ; rÌo Ot√∫n y otros directos al Cauca 
26135330;0;4732503,764;2086251,082;(1 , 6);24;La Laguna del Otun Aut ;Risaralda; Pereira ; Magdalena Cauca ; rÌo Ot√∫n y otros directos al Cauca 
26140080;57;4686880,895;2142231,311;(2 , 5);17;TAIJARA ALEJANDRIA ;Risaralda; Gu·tica ; Magdalena Cauca ; rÌo Risaralda 
26140090;96;4682726,581;2129665,689;(2 , 5);17;TAPARCAL ;Risaralda; BelÈn De UmbrÌa ; Magdalena Cauca ; rÌo Risaralda 
26140110;84;4691131,751;2146311,477;(2 , 5);17;SAN CLEMENTE ;Risaralda; Gu·tica ; Magdalena Cauca ; rÌo Risaralda 
26140120;96;4681687,929;2143742,527;(2 , 5);17;MISTRATO ;Risaralda; MistratÛ ; Magdalena Cauca ; rÌo Risaralda 
26140180;79;4680374,086;2099300,775;(1 , 5);14;La Virginia Alerta;Risaralda; La Virginia ; Magdalena Cauca ; rÌo Ot√∫n y otros directos al Cauca 
26140330;5;4680316,005;2100130,786;(2 , 5);17;VIRGINIA LA ;Risaralda; La Virginia ; Magdalena Cauca ; rÌo Risaralda 
26145010;5;4680396,678;2118569,63;(2 , 5);17;CECILIA LA ;Caldas; Viterbo ; Magdalena Cauca ; rÌo Risaralda 
26145020;78;4689727,827;2141680,659;(2 , 5);17;BELLAVISTA ;Caldas; Anserma ; Magdalena Cauca ; rÌo Risaralda 
26145030;84;4670788,462;2120088,266;(2 , 5);17;CAMELIA LA ;Risaralda; Santuario; Magdalena Cauca ; rÌo Risaralda 
26145050;35;4680388,49;2116725,742;(2 , 5);17;SAMARIA LA ;Caldas; Viterbo ; Magdalena Cauca ; rÌo Risaralda 
26150060;96;4700568,21;2123113,343;(2 , 6);13;ARAUCA ;Caldas; Palestina; Magdalena Cauca ; rÌo Ot√∫n y otros directos al Cauca 
26150150;94;4724007,632;2105669,957;(2 , 6);13;PAPAYAL ;Caldas; Villamaria ; Magdalena Cauca ; rÌo Chinchin· 
26150160;95;4738804,171;2112933,174;(2 , 6);13;LA ESPERANZA ;Caldas; Manizales ; Magdalena Cauca ; rÌo Chinchin· 
26155110;97;4726236,902;2114300,528;(2 , 6);13;AEROPUERTO LA NUBIA ;Caldas; Manizales ; Magdalena Cauca ; rÌo Chinchin· 
26155120;26;4702590,012;2120317,95;(2 , 6);13;AEROPUERTO SANTAGUEDA ;Caldas; Palestina; Magdalena Cauca ; rÌo Chinchin· 
26155150;63;4739455,253;2103718,253;(2 , 6);13;Las Brisas Aut;Caldas; Villamaria ; Magdalena Cauca ; rÌo GualÌ 
26155170;43;4729740,688;2114557,705;(2 , 6);13;Tesorito Finca Aut;Caldas; Manizales ; Magdalena Cauca ; rÌo Chinchin· 
26160080;97;4724246,257;2154750,808;(3 , 6);20;SALAMINA CONC BARC ;Caldas; Salamina; Magdalena Cauca ; Rio Tapias y otros directos al Cauca 
26160090;95;4728096,84;2168781,126;(3 , 6);20;PACORA PLAZA FERIA ;Caldas; P·cora ; Magdalena Cauca ; Rio Tapias y otros directos al Cauca 
26160100;91;4720912,373;2129073,95;(2 , 6);13;NEIRA ;Caldas; Neira ; Magdalena Cauca ; Rio Tapias y otros directos al Cauca 
26160120;92;4730091,169;2132248,555;(2 , 6);13;CRISTALINA LA ;Caldas; Neira ; Magdalena Cauca ; Rio Tapias y otros directos al Cauca 
26160160;99;4714561,588;2176034,087;(3 , 6);20;MARIA LA ;Caldas; Aguadas ; Magdalena Cauca ; rÌo FrÌo y Otros Directos al Cauca 
26170150;98;4685712,37;2198686,962;(3 , 5);11;PUEBLORRICO ;Antioquia; Pueblorrico ; Magdalena Cauca ; rÌo FrÌo y Otros Directos al Cauca 
26170160;15;4699205,595;2190391,842;(3 , 5);11;NACIONAL LA GRANJA ;Antioquia; T·mesis ; Magdalena Cauca ; rÌo FrÌo y Otros Directos al Cauca 
26170170;33;4704653,092;2170086,526;(3 , 6);20;PRADERA LA ;Antioquia; Caramanta ; Magdalena Cauca ; rÌo FrÌo y Otros Directos al Cauca 
26170180;90;4707471,084;2171677,84;(3 , 6);20;CARAMANTA ;Antioquia; Caramanta ; Magdalena Cauca ; rÌo FrÌo y Otros Directos al Cauca 
26170190;96;4698482,177;2200040,955;(4 , 5);12;DIQUE EL ;Antioquia; JericÛ; Magdalena Cauca ; rÌo FrÌo y Otros Directos al Cauca 
26170250;29;4704523,799;2140589,434;(2 , 6);13;IRRA ;Risaralda; QuinchÌa ; Magdalena Cauca ; Rio Tapias y otros directos al Cauca 
26170260;80;4704718,494;2142180,238;(2 , 6);13;GUERRERITO ;Risaralda; QuinchÌa ; Magdalena Cauca ; rÌo FrÌo y Otros Directos al Cauca 
26170270;18;4698916,116;2125864,289;(2 , 5);17;MARGARITA LA ;Caldas; Risaralda ; Magdalena Cauca ; rÌo FrÌo y Otros Directos al Cauca 
26170290;68;4697551,026;2158110,136;(3 , 5);11;RIOSUCIO ;Caldas; Riosucio; Magdalena Cauca ; rÌo FrÌo y Otros Directos al Cauca 
26170350;2;4710162,389;2162687,874;(3 , 6);20;FLECHA LA ;Caldas; Marmato ; Magdalena Cauca ; rÌo FrÌo y Otros Directos al Cauca 
26175010;2;4700908,722;2159041,491;(3 , 6);20;RIOSUCIO ;Caldas; Riosucio; Magdalena Cauca ; rÌo FrÌo y Otros Directos al Cauca 
26175020;14;4699061,115;2159049,767;(3 , 5);11;Inst. Los Fundadores;Caldas; Riosucio; Magdalena Cauca ; rÌo FrÌo y Otros Directos al Cauca 
26175030;83;4702059,109;2190452,164;(3 , 6);20;NACIONAL GRANJA LA ;Antioquia; T·mesis ; Magdalena Cauca ; rÌo FrÌo y Otros Directos al Cauca 
26175040;76;4706527,548;2199603,32;(3 , 6);20;TUNEZ HACIENDA ;Antioquia; Fredonia ; Magdalena Cauca ; Directos rÌo Cauca entre rÌo San Juan y Pto Valdivia 
26175050;8;4700908,722;2159041,491;(3 , 6);20;RIOSUCIO ;Caldas; Riosucio; Magdalena Cauca ; rÌo FrÌo y Otros Directos al Cauca 
26180130;2;4712148,824;2194019,032;(3 , 6);20;PINTADA LA ;Caldas; Aguadas ; Magdalena Cauca ; Directos rÌo Cauca entre rÌo San Juan y Pto Valdivia 
26180160;96;4730952,206;2197914,706;(3 , 6);20;ABEJORRAL ;Antioquia; Abejorral ; Magdalena Cauca ; rÌo Arma 
26180170;96;4736482,975;2221377,066;(4 , 6);19;UNION LA ;Antioquia; La UniÛn; Magdalena Cauca ; rÌo Arma 
26180180;99;4745974,992;2190031,317;(3 , 6);20;SONSON ;Antioquia; SonsÛn ; Magdalena Cauca ; rÌo Arma 
26180190;96;4728563,395;2177359,772;(3 , 6);20;AGUADAS ;Caldas; Aguadas ; Magdalena Cauca ; Rio Tapias y otros directos al Cauca 
26180200;97;4719247,016;2216200,592;(4 , 6);19;MONTEBELLO ;Antioquia; Montebello ; Magdalena Cauca ; rÌo Arma 
26180220;76;4712139,085;2191806,846;(3 , 6);20;LA PINTADA ALERTAS ;Antioquia; La Pintada ; Magdalena Cauca ; rÌo FrÌo y Otros Directos al Cauca 
26180240;50;4734988,842;2168725,401;(3 , 6);20;PAVAS LAS ;Caldas; Aguadas ; Magdalena Cauca ; rÌo Arma 
26180250;39;4743238,899;2149650,297;(2 , 6);13;Valle Alto Aut;Caldas; Salamina; Magdalena Cauca ; rÌo Arma 
26180260;32;4741519,679;2158190,507;(3 , 6);20;La Miranda;Caldas; Salamina; Magdalena Cauca ; rÌo Arma 
26185010;49;4740344,863;2174958,525;(3 , 6);20;PELADA LA ;Caldas; Aguadas ; Magdalena Cauca ; rÌo Arma 
26185020;97;4743378,572;2208964,61;(4 , 6);19;MESOPOTAMIA ;Antioquia; La UniÛn; Magdalena Cauca ; rÌo Arma 
26185040;93;4736869,216;2152212,086;(3 , 6);20;SAN FELIX ;Caldas; Salamina; Magdalena Cauca ; rÌo Arma 
26190080;2;4669645,031;2188694,304;(3 , 5);11;Betania Volga;Antioquia; Betania ; Magdalena Cauca ; rÌo San Juan 
26190090;98;4670541,704;2194775,254;(3 , 5);11;Betania las Guacas;Antioquia; Betania ; Magdalena Cauca ; rÌo San Juan 
26190100;96;4678796,661;2173597,589;(3 , 5);11;SANTA BARBARA ;Antioquia; Andes ; Magdalena Cauca ; rÌo San Juan 
26190120;34;4681576,361;2186568,437;(3 , 5);11;CAMPAMENTO ;Antioquia; Andes ; Magdalena Cauca ; rÌo San Juan 
26190130;5;4656743,795;2194295,381;(3 , 5);11;La Mansa;ChocÛ; El Carmen; Caribe ; DariÈn Alto Atrato
26195020;95;4681067,584;2187640,464;(3 , 5);11;ITA ANDES ;Antioquia; Andes ; Magdalena Cauca ; rÌo San Juan 
26195030;48;4689841,338;2176171,718;(3 , 5);11;El JardÌn;Antioquia; JardÌn; Magdalena Cauca ; rÌo San Juan 
26200120;97;4690769,451;2229847,24;(4 , 5);12;OTRAMINA ;Antioquia; TitiribÌ ; Magdalena Cauca ; Directos rÌo Cauca entre rÌo San Juan y Pto Valdivia 
26200130;79;4685680,646;2218484,496;(4 , 5);12;BOLOMBOLO ;Antioquia; Venecia; Magdalena Cauca ; Directos rÌo Cauca entre rÌo San Juan y Pto Valdivia 
26200140;86;4693371,108;2239240,369;(4 , 5);12;ARMENIA ;Antioquia; Armenia; Magdalena Cauca ; Directos rÌo Cauca entre rÌo San Juan y Pto Valdivia 
26200150;87;4702817,937;2214720,369;(4 , 6);19;FREDONIA ;Antioquia; Fredonia ; Magdalena Cauca ; Directos rÌo Cauca entre rÌo San Juan y Pto Valdivia 
26205030;4;4710319,292;2197714,485;(3 , 6);20;FARALLONES ;Antioquia; La Pintada ; Magdalena Cauca ; Directos rÌo Cauca entre rÌo San Juan y Pto Valdivia 
26205040;2;4682963,001;2262384,941;(5 , 5);18;IGUINA HACIENDA ;Antioquia; Anz· ; Magdalena Cauca ; Directos rÌo Cauca entre rÌo San Juan y Pto Valdia 
26205060;11;4686672,741;2266052,317;(5 , 5);18;NOQUE LA ;Antioquia; Anz· ; Magdalena Cauca ; Directos rÌo Cauca entre rÌo San Juan y Pto Valdia 
26205070;18;4688272,697;2219946,275;(4 , 5);12;PLATA LA ;Antioquia; Venecia; Magdalena Cauca ; Directos rÌo Cauca entre rÌo San Juan y Pto Valdivia 
26205080;59;4701289,895;2259452,937;(5 , 6);14;La Aldea;Antioquia; MedellÌn ; Magdalena Cauca ; Directos rÌo Cauca entre rÌo San Juan y Pto Valdivia 
26210070;94;4670301,833;2266805,823;(5 , 5);18;CAICEDO ;Antioquia; Caicedo ; Magdalena Cauca ; Directos rÌo Cauca entre rÌo San Juan y Pto Valdia 
26210080;95;4681993,106;2232800,538;(4 , 5);12;HERRADURA LA ;Antioquia; Concordia; Magdalena Cauca ; Directos rÌo Cauca entre rÌo San Juan y Pto Valdia 
26210090;98;4683745,179;2255352,018;(5 , 5);18;ANZA ;Antioquia; Anz· ; Magdalena Cauca ; Directos rÌo Cauca entre rÌo San Juan y Pto Valdia 
26210110;97;4683315,977;2214615,243;(4 , 5);12;PENALISA ;Antioquia; Salgar ; Magdalena Cauca ; rÌo San Juan 
26210130;87;4673180,718;2277561,978;(5 , 5);18;GUASABRA ;Antioquia; Santa Fe De Antioquia ; Magdalena Cauca ; Directos rÌo Cauca entre rÌo San Juan y Pto Valdia 
26210140;88;4674144,598;2246043,566;(4 , 5);12;ALTAMIRA ;Antioquia; Betulia; Magdalena Cauca ; Directos rÌo Cauca entre rÌo San Juan y Pto Valdia 
26215010;92;4676912,493;2226226,169;(4 , 5);12;CONCORDIA ;Antioquia; Concordia; Magdalena Cauca ; Directos rÌo Cauca entre rÌo San Juan y Pto Valdia 
26215020;26;4688527,43;2267886,019;(5 , 5);18;CANAFISANTO ;Antioquia; Santa Fe De Antioquia ; Magdalena Cauca ; Directos rÌo Cauca entre rÌo San Juan y Pto Valdivia 
26220050;63;4676024,768;2336188,327;(6 , 5);8;CUMBRE LA ;Antioquia; Peque ; Magdalena Cauca ; Directos rÌo Cauca entre rÌo San Juan y Pto Valdia 
26220060;0;4686786,233;2286334,973;(5 , 5);18;TUNAL EL ;Antioquia; Santa Fe De Antioquia ; Magdalena Cauca ; Directos rÌo Cauca entre rÌo San Juan y Pto Valdia 
26220090;98;4673148,296;2298001,445;(5 , 5);18;GIRALDO ;Antioquia; Giraldo ; Magdalena Cauca ; Directos rÌo Cauca entre rÌo San Juan y Pto Valdia 
26220100;88;4698190,139;2359983,825;(7 , 5);2;GRANJA LA ;Antioquia; Ituango ; Magdalena Cauca ; Directos rÌo Cauca entre rÌo San Juan y Pto Valdia 
26220110;75;4711186,555;2368105,344;(7 , 6);13;SANTA RITA ;Antioquia; Ituango ; Magdalena Cauca ; Directos rÌo Cauca entre rÌo San Juan y Pto Valdia 
26225010;6;4698240,02;2354491,971;(7 , 5);2;ITUANGO ;Antioquia; Ituango ; Magdalena Cauca ; Directos rÌo Cauca entre rÌo San Juan y Pto Valdia 
26225030;78;4687419,198;2280864,13;(5 , 5);18;COTOVE HACIENDA ;Antioquia; Santa Fe De Antioquia ; Magdalena Cauca ; Directos rÌo Cauca entre rÌo San Juan y Pto Valdia 
26225040;77;4678070,519;2302557,667;(6 , 5);8;PIUNTI HACIENDA ;Antioquia; Buritic· ; Magdalena Cauca ; Directos rÌo Cauca entre rÌo San Juan y Pto Valdia 
26225050;12;4705551,766;2345230,113;(6 , 6);14;PALMAR EL ;Antioquia; Ituango ; Magdalena Cauca ; Directos rÌo Cauca entre rÌo San Juan y Pto Valdia 
26225060;7;4687419,198;2280864,13;(5 , 5);18;HACIENDA COTOVE Aut;Antioquia; Santa Fe De Antioquia ; Magdalena Cauca ; Directos rÌo Cauca entre rÌo San Juan y Pto Valdia 
26230010;88;4689297,701;2291342,356;(5 , 5);18;OLAYA ;Antioquia; Olaya ; Magdalena Cauca ; Directos rÌo Cauca entre rÌo San Juan y Pto Valdivia 
26230110;98;4705068,521;2322352,322;(6 , 6);14;SAN ANDRES ;Antioquia; San AndrÈs; Magdalena Cauca ; Directos rÌo Cauca entre rÌo San Juan y Pto Valdivia 
26230130;94;4711715,001;2319811,202;(6 , 6);14;CRUCES ARRIBA ;Antioquia; San AndrÈs; Magdalena Cauca ; Directos rÌo Cauca entre rÌo San Juan y Pto Valdivia 
26230140;97;4695199,205;2301505,603;(6 , 5);8;PLACITA LA ;Antioquia; Liborina ; Magdalena Cauca ; Directos rÌo Cauca entre rÌo San Juan y Pto Valdivia 
26230160;97;4722670,765;2343874,482;(6 , 6);14;BRICENO ;Antioquia; Brice√±o; Magdalena Cauca ; Directos rÌo Cauca entre rÌo San Juan y Pto Valdivia 
26230180;55;4699480,106;2268969,978;(5 , 5);18;LLANOS DE SAN JUAN ;Antioquia; San JerÛnimo ; Magdalena Cauca ; Directos rÌo Cauca entre rÌo San Juan y Pto Valdivia 
26230190;32;4694381,855;2325013,209;(6 , 5);8;El Oro;Antioquia; Sabanalarga; Magdalena Cauca ; Directos rÌo Cauca entre rÌo San Juan y Pto Valdivia 
26230200;88;4689003,087;2315382,638;(6 , 5);8;SABANALARGA ;Antioquia; Sabanalarga; Magdalena Cauca ; Directos rÌo Cauca entre rÌo San Juan y Pto Valdivia 
26230220;71;4708446,837;2307903,759;(6 , 6);14;OCULTA LA ;Antioquia; Belmira ; Magdalena Cauca ; rÌo Porce 
26230240;47;4701196,4;2321307,877;(6 , 6);14;ABERTURA LA ;Antioquia; San AndrÈs; Magdalena Cauca ; Directos rÌo Cauca entre rÌo San Juan y Pto Valdivia 
26235020;14;4690443,096;2280782,682;(5 , 5);18;La Vega Tab Rubios;Antioquia; Sopetr·n ; Magdalena Cauca ; Directos rÌo Cauca entre rÌo San Juan y Pto Valdivia 
26235030;87;4705580,278;2336287,907;(6 , 6);14;MATANZAS ;Antioquia; Toledo; Magdalena Cauca ; Directos rÌo Cauca entre rÌo San Juan y Pto Valdivia 
26240050;14;4740889,449;2411397,131;(8 , 6);10;UNION LA HACIENDA ;Antioquia; C·ceres ; Magdalena Cauca ; rÌo Taraza rÌo Man 
26240060;99;4733794,237;2424709,362;(8 , 6);10;MANIZALES ;Antioquia; C·ceres ; Magdalena Cauca ; Cauca San Jorge La Mojana 
26240070;21;4733462,046;2398534,78;(7 , 6);13;ALTO EL MUNECO ;Antioquia; Taraz· ; Magdalena Cauca ; rÌo Taraza rÌo Man 
26240080;23;4729649,81;2374591,471;(7 , 6);13;HOYO RICO ;Antioquia; Taraz· ; Magdalena Cauca ; rÌo Taraza rÌo Man 
26240090;77;4748092,805;2406009,532;(8 , 6);10;PUERTO BELGICA ;Antioquia; C·ceres ; Magdalena Cauca ; rÌo Taraza rÌo Man 
26240100;94;4755875,918;2427490,628;(8 , 7);11;Guarumo La Lucha;Antioquia; C·ceres ; Magdalena Cauca ; rÌo Taraza rÌo Man 
26240120;20;4731439,958;2365364,633;(7 , 6);13;PUERTO VALDIVIA ;Antioquia; Valdivia ; Magdalena Cauca ; rÌo Taraza rÌo Man 
26240150;73;4735115,088;2364238,91;(7 , 6);13;PUERTO VALDIVIA ;Antioquia; Valdivia ; Magdalena Cauca ; Directos rÌo Cauca entre rÌo San Juan y Pto Valdia 
26240160;77;4757577,562;2438217,991;(8 , 7);11;La Coquera;Antioquia; Caucasia ; Magdalena Cauca ; Directos al Cauca entre Pto Valdivia y rÌo NechÌ 
26240170;70;4729919,538;2394413,076;(7 , 6);13;PLAYALTA ;Antioquia; Taraz· ; Magdalena Cauca ; rÌo Taraza rÌo Man 
26245020;4;4733400,715;2387474,722;(7 , 6);13;MARY LAND ;Antioquia; C·ceres ; Magdalena Cauca ; rÌo Taraza rÌo Man 
26245030;9;4735291,081;2396681,225;(7 , 6);13;TARAZA ;Antioquia; Taraz· ; Magdalena Cauca ; rÌo Taraza rÌo Man 
26245040;12;4763452,82;2443234,105;(8 , 7);11;JHB CAUCASIA ;Antioquia; Caucasia ; Magdalena Cauca ; Directos al Cauca entre Pto Valdivia y rÌo NechÌ 
26250010;0;4741045,431;2396176,628;(7 , 6);13;CACERES ;Antioquia; C·ceres ; Magdalena Cauca ; Directos al Cauca entre Pto Valdivia y rÌo NechÌ 
26250020;14;4753740,322;2407641,73;(8 , 7);11;Hda La Trinidad;Antioquia; C·ceres ; Magdalena Cauca ; Directos al Cauca entre Pto Valdivia y rÌo NechÌ 
26250030;97;4741045,431;2396176,628;(7 , 6);13;CACERES ;Antioquia; C·ceres ; Magdalena Cauca ; Directos al Cauca entre Pto Valdivia y rÌo NechÌ 
26250060;87;4743154,742;2373035,242;(7 , 6);13;PUERTO RAUDAL ;Antioquia; Valdivia ; Magdalena Cauca ; rÌo Taraza rÌo Man 
26250090;17;4757474,773;2418681,199;(8 , 7);11;PIAMONTE ;Antioquia; C·ceres ; Magdalena Cauca ; Directos al Cauca entre Pto Valdivia y rÌo NechÌ 
26250100;1;4751796,409;2387376,883;(7 , 7);8;Hda Santa Cruz;Antioquia; C·ceres ; Magdalena Cauca ; Directos al Cauca entre Pto Valdivia y rÌo NechÌ 
26250110;71;4750193,579;2384522,036;(7 , 7);8;BARRO BLANCO ;Antioquia; Taraz· ; Magdalena Cauca ; Directos al Cauca entre Pto Valdivia y rÌo NechÌ 
26255020;86;4717136,09;2307924,789;(6 , 6);14;SANTA ISABEL ;Antioquia; Santa Rosa De Osos ; Magdalena Cauca ; rÌo Porce 
26255030;6;4730074,124;2239285,456;(4 , 6);19;Santa Isabel Valdivia Aut;Antioquia; Rionegro; Magdalena Cauca ; rÌo Nare 
26255040;70;4766777,581;2440750,248;(8 , 7);11;CACAOTERAS DEL DIQ ;Antioquia; Caucasia ; Magdalena Cauca ; Directos al Cauca entre Pto Valdivia y rÌo NechÌ 
27010160;6;4754693,937;2296438,58;(5 , 7);20;GOMEZ PLATA ;Antioquia; GÛmez Plata ; Magdalena Cauca ; rÌo Porce 
27010680;5;4795734,526;2337418,748;(6 , 7);10;MACARENA LA HACIENDA ;Antioquia; Remedios ; Magdalena Cauca ; rÌo Porce 
27010770;97;4700739,088;2241454,968;(4 , 6);19;CHUSCAL EL ;Antioquia; Heliconia ; Magdalena Cauca ; Directos rÌo Cauca entre rÌo San Juan y Pto Valdivia 
27010780;37;4703244,119;2260432,235;(5 , 6);14;BOQUERON ;Antioquia; MedellÌn ; Magdalena Cauca ; Directos rÌo Cauca entre rÌo San Juan y Pto Valdivia 
27010790;26;4710449,383;2225367,291;(4 , 6);19;Sena La Meseta;Antioquia; Caldas; Magdalena Cauca ; rÌo Porce 
27010800;95;4711695,019;2265889,063;(5 , 6);14;La Meseta San Pedro;Antioquia; Bello ; Magdalena Cauca ; rÌo Porce 
27010810;95;4721597,637;2243404,959;(4 , 6);19;SANTA HELENA ;Antioquia; MedellÌn ; Magdalena Cauca ; rÌo Porce 
27010820;98;4728675,217;2262333,755;(5 , 6);14;La Cuchilla;Antioquia; Girardota ; Magdalena Cauca ; rÌo Porce 
27010830;97;4721906,151;2283922,434;(5 , 6);14;SAN ISIDRO ;Antioquia; Entrerrios ; Magdalena Cauca ; rÌo Porce 
27010840;94;4751701,421;2288069,102;(5 , 7);20;SAN PABLO ;Antioquia; Santa Rosa De Osos ; Magdalena Cauca ; rÌo Porce 
27010850;96;4770565,539;2321552,682;(6 , 7);10;AMALFI ;Antioquia; Amalfi ; Magdalena Cauca ; rÌo Porce 
27010860;20;4766107,37;2298842,521;(5 , 7);20;Hacienda NormandÌa;Antioquia; YolombÛ ; Magdalena Cauca ; rÌo Porce 
27010870;96;4705054,964;2289092,053;(5 , 6);14;BELMIRA ;Antioquia; Belmira ; Magdalena Cauca ; rÌo Porce 
27010880;98;4735643,561;2299298,878;(5 , 6);14;MONTANITAS ;Antioquia; Santa Rosa De Osos ; Magdalena Cauca ; Alto NechÌ 
27010890;94;4774885,02;2327443,502;(6 , 7);10;CUEVA SANTA ;Antioquia; Amalfi ; Magdalena Cauca ; rÌo Porce 
27010900;98;4754693,937;2296438,58;(5 , 7);20;GOMEZ PLATA ;Antioquia; GÛmez Plata ; Magdalena Cauca ; rÌo Porce 
27010960;76;4789908,14;2320704,087;(6 , 7);10;Hacienda Monos;Antioquia; Amalfi ; Magdalena Cauca ; rÌo Porce 
27011100;67;4798892,868;2349435,761;(6 , 7);10;Las Brisas;Antioquia; Segovia ; Magdalena Cauca ; rÌo Porce 
27011110;59;4704018,462;2250174,309;(5 , 6);14;ASTILLEROS ;Antioquia; MedellÌn ; Magdalena Cauca ; rÌo Porce 
27011120;59;4706080,935;2256687,279;(5 , 6);14;La Iguan·;Antioquia; MedellÌn ; Magdalena Cauca ; rÌo Porce 
27011230;39;4762199,939;2290105,322;(5 , 7);20;SAN ANTONIO ;Antioquia; YolombÛ ; Magdalena Cauca ; rÌo Porce 
27011270;19;4713399,404;2248922,83;(4 , 6);19;LAURELES medellin;Antioquia; MedellÌn ; Magdalena Cauca ; rÌo Porce 
27015090;96;4717623,432;2257007,411;(5 , 6);14;TULIO OSPINA ;Antioquia; Bello ; Magdalena Cauca ; rÌo Porce 
27015110;87;4717609,41;2307929,359;(6 , 6);14;ARAGON ;Antioquia; Santa Rosa De Osos ; Magdalena Cauca ; rÌo Porce 
27015120;16;4723505,874;2254800,53;(5 , 6);14;PIEDRAS BLANCAS ;Antioquia; MedellÌn ; Magdalena Cauca ; rÌo Porce 
27015150;79;4734961,459;2271056,75;(5 , 6);14;Hacienda El Progreso;Antioquia; Don MatÌas ; Magdalena Cauca ; rÌo Porce 
27015160;5;4712312,552;2229045,462;(4 , 6);19;La Clara;Antioquia; Caldas; Magdalena Cauca ; rÌo Porce 
27015190;98;4762705,361;2281207,708;(5 , 7);20;GUAYABITO ;Antioquia; Santo Domingo ; Magdalena Cauca ; rÌo Porce 
27015200;21;4766147,35;2308057,102;(6 , 7);10;Hacienda NormandÌa;Antioquia; YolombÛ ; Magdalena Cauca ; rÌo Porce 
27015210;26;4723497,053;2252957,154;(5 , 6);14;El Vivero;Antioquia; Guarne ; Magdalena Cauca ; rÌo Porce 
27015260;71;4709571,543;2227033,81;(4 , 6);19;SALADA LA ;Antioquia; Caldas; Magdalena Cauca ; rÌo Porce 
27015270;2;4716497,334;2251175,171;(5 , 6);14;JARDIN BOTANICO ;Antioquia; MedellÌn ; Magdalena Cauca ; rÌo Porce 
27015330;95;4713501,889;2246000,307;(4 , 6);19;Aerop Olaya Herrera Aut;Antioquia; MedellÌn ; Magdalena Cauca ; rÌo Porce 
27020040;6;4742345,962;2319194,952;(6 , 6);14;ANGOSTURA ;Antioquia; Angostura ; Magdalena Cauca ; Alto NechÌ 
27020160;20;4775631,68;2370674,35;(7 , 7);8;TENCHE LA RISARALD ;Antioquia; AnorÌ ; Magdalena Cauca ; Alto NechÌ 
27020170;92;4770401,843;2348272,784;(6 , 7);10;CARMEN EL HACIENDA ;Antioquia; AnorÌ ; Magdalena Cauca ; Alto NechÌ 
27020180;34;4762549,151;2339984,565;(6 , 7);10;ANORI ;Antioquia; AnorÌ ; Magdalena Cauca ; Alto NechÌ 
27020190;93;4733204,007;2327305,013;(6 , 6);14;YARUMAL ;Antioquia; Yarumal ; Magdalena Cauca ; Alto NechÌ 
27020200;96;4739895,325;2339962,194;(6 , 6);14;CEDENO ;Antioquia; Yarumal ; Magdalena Cauca ; Alto NechÌ 
27020210;98;4742345,962;2319194,952;(6 , 6);14;ANGOSTURA ;Antioquia; Angostura ; Magdalena Cauca ; Alto NechÌ 
27020220;97;4725573,284;2311598,507;(6 , 6);14;LLANOS D CUIBA LOS ;Antioquia; Yarumal ; Magdalena Cauca ; Alto NechÌ 
27020260;79;4745891,233;2359402,671;(7 , 6);13;TESORO EL ;Antioquia; Valdivia ; Magdalena Cauca ; Alto NechÌ 
27020280;15;4749816,463;2359739,266;(7 , 6);13;MARGARITAS LAS ;Antioquia; Taraz· ; Magdalena Cauca ; Alto NechÌ 
27025010;4;4757020,858;2326528,337;(6 , 7);10;MONTEFRIO ;Antioquia; AnorÌ ; Magdalena Cauca ; Alto NechÌ 
27025020;16;4779327,819;2374343,428;(7 , 7);8;CHARCON LIBERIA ;Antioquia; AnorÌ ; Magdalena Cauca ; Alto NechÌ 
27025030;85;4762549,151;2339984,565;(6 , 7);10;ANORI ;Antioquia; AnorÌ ; Magdalena Cauca ; Alto NechÌ 
27030030;2;4793461,098;2385657,822;(7 , 7);8;ZARAGOZA ;Antioquia; Zaragoza ; Magdalena Cauca ; Bajo NechÌ (md) 
27030040;89;4800100,05;2431866,176;(8 , 8);7;GUAMO EL ;Antioquia; NechÌ; Magdalena Cauca ; Directos al Bajo NechÌ(mi) 
27030060;32;4808921,723;2414756,707;(8 , 8);7;AMACERI ;Antioquia; El Bagre ; Magdalena Cauca ; Bajo NechÌ (md) 
27030080;77;4810646,113;2339357,877;(6 , 8);8;CRUZADA LA ;Antioquia; Remedios ; Magdalena Cauca ; Bajo NechÌ (md) 
27030090;98;4797032,253;2367188,171;(7 , 7);8;BOSQUE EL ;Antioquia; Zaragoza ; Magdalena Cauca ; rÌo Porce 
27030130;22;4817991,243;2383397,668;(7 , 8);6;LONDRE EL ;Antioquia; El Bagre ; Magdalena Cauca ; Bajo NechÌ (md) 
27030140;88;4800460,323;2357976,367;(7 , 8);6;PALMA DE COCO LA ;Antioquia; Segovia ; Magdalena Cauca ; Bajo NechÌ (md) 
27030150;22;4825454,76;2412849,684;(8 , 8);7;ASI ES LA VIDA ;Antioquia; El Bagre ; Magdalena Cauca ; Bajo NechÌ (md) 
27030160;24;4816138,365;2379719,587;(7 , 8);6;BUENAVISTA ;Antioquia; El Bagre ; Magdalena Cauca ; Bajo NechÌ (md) 
27030210;97;4793461,098;2385657,822;(7 , 7);8;ZARAGOZA ;Antioquia; Zaragoza ; Magdalena Cauca ; Bajo NechÌ (md) 
27030220;24;4816194,347;2394459,614;(7 , 8);6;ORIENTE EL ;Antioquia; El Bagre ; Magdalena Cauca ; Bajo NechÌ (md) 
27030230;1;4817943,339;2370500,299;(7 , 8);6;MONTEVERDE ;Antioquia; Segovia ; Magdalena Cauca ; Bajo NechÌ (md) 
27030240;30;4823370,908;2344686,339;(6 , 8);8;PUENTE BAGRE ;Antioquia; Remedios ; Magdalena Cauca ; Bajo NechÌ (md) 
27035010;5;4810649,638;2387110,857;(7 , 8);6;MONTES NEGROS ;Antioquia; Zaragoza ; Magdalena Cauca ; Bajo NechÌ (md) 
27035020;7;4817856,365;2346548,204;(6 , 8);8;BOQUETE EL ;Antioquia; Segovia ; Magdalena Cauca ; Bajo NechÌ (md) 
27035030;19;4805238,364;2412929,235;(8 , 8);7;SANTA MARGARITA ;Antioquia; El Bagre ; Magdalena Cauca ; Bajo NechÌ (md) 
27040020;91;4784615,438;2390647,357;(7 , 7);8;ALTO DEL INDIO ;Antioquia; Zaragoza ; Magdalena Cauca ; Directos al Bajo NechÌ (mi) 
27040030;94;4795720,062;2414935,292;(8 , 7);11;ESMERALDA LA ;Antioquia; Caucasia ; Magdalena Cauca ; Directos al Bajo NechÌ (mi) 
27040040;28;4805103,164;2453155,166;(9 , 8);16;NECHI ;Antioquia; NechÌ; Magdalena Cauca ; Bajo NechÌ(md) 
27045020;56;4786606,737;2421677,695;(8 , 7);11;CASERI ;Antioquia; Caucasia ; Magdalena Cauca ; Directos al Bajo NechÌ (mi) 
27047010;32;4801508,318;2400046,137;(8 , 8);7;BAGRE EL ;Antioquia; El Bagre ; Magdalena Cauca ; Bajo NechÌ (md) 
54010010;92;4591017,328;2129218,839;(2 , 3);6;ISTMINA ;ChocÛ; Istmina ; Pacifico ; rÌo San Juan Alto 
54010020;93;4669790,84;2130223,04;(2 , 5);17;LINEA LA PORVENIR ;Risaralda; Pueblo Rico ; Magdalena Cauca ; rÌo Risaralda 
54015010;72;4664030,622;2137098,355;(2 , 5);17;Pueblo Rico Aut;Risaralda; Pueblo Rico ; Pacifico ; rÌo San Juan Alto 
54020010;92;4590170,355;2122460,205;(2 , 3);6;ANDAGOYA ;ChocÛ; Medio San Juan ; Pacifico ; rÌo Taman· y otros Directos San Juan 
54020020;95;4600179,922;2106684,994;(2 , 4);4;NOVITA ;ChocÛ; NÛvita ; Pacifico ; rÌo Taman· y otros Directos San Juan 
54020040;92;4635091,049;2100766,468;(2 , 4);4;VALENCIA LA DIVISA ;ChocÛ; San JosÈ Del Palmar ; Pacifico ; rÌo Taman· y otros Directos San Juan 
54020050;68;4644366,373;2093026,936;(1 , 4);1;SINAI EL ;ChocÛ; San JosÈ Del Palmar ; Pacifico ; rÌo Taman· y otros Directos San Juan 
54020060;84;4595309,206;2118260,414;(2 , 3);6;OPOGODO ;ChocÛ; Condoto ; Pacifico ; rÌo Taman· y otros Directos San Juan 
54020090;25;4592357,03;2119771,857;(2 , 3);6;AEROPUERTO CONDOTO ;ChocÛ; Condoto ; Pacifico ; rÌo Taman· y otros Directos San Juan 
54025010;78;4641578,636;2100095,429;(2 , 4);4;SAN JOSE PALMAR ;ChocÛ; San JosÈ Del Palmar ; Pacifico ; rÌo Taman· y otros Directos San Juan 
54025020;60;4592357,03;2119771,857;(2 , 3);6;AEROPUERTO CONDOTO ;ChocÛ; Condoto ; Pacifico ; rÌo Taman· y otros Directos San Juan 
54025030;4;4600884,876;2122657,836;(2 , 4);4;SAN JOSE ;ChocÛ; Condoto ; Pacifico ; rÌo Taman· y otros Directos San Juan 
54035020;41;4654336,912;2081804,025;(1 , 5);14;ARGELIA EL RECREO ;Valle del Cauca; Argelia; Pacifico ; rÌo SipÌ 
55015010;92;4559750,745;2169540,269;(3 , 3);7;PIE DE PATO Aut ;ChocÛ; Alto BaudÛ (Pie De Pato) ; Pacifico ; Directos Pacifico RÌo BaudÛ 
56010030;43;4503404,49;2301338,899;(6 , 2);2;CUPICA ;ChocÛ; BahÌa Solano (Mutis) ; Pacifico ; Directos Directos Pacifico Frontera Panam·
56010040;33;4527415,54;2190481,828;(3 , 2);1;NUQUI ;ChocÛ; NuquÌ; Pacifico ; Directos Pacifico Frontera Panam· 
56015010;87;4512487,411;2247700,998;(4 , 2);1;PANAMERICANA ;ChocÛ; BahÌa Solano (Mutis) ; Pacifico ; Directos Pacifico Frontera Panam· 
56015020;0;4486111,988;2339577,545;(6 , 1);1;ALTO CURICHE ;ChocÛ; JuradÛ ; Pacifico ; Directos Directos Pacifico Frontera Panam· 
